Hardware,Title,Year,Publisher,Genre,Description,
FC,スーパーマリオブラザーズ,1985,任天堂,アクション,説明不要の金字塔。青い空、茶色いブロック、そしてジャンプ。世界の共通言語となった、ビデオゲームの代名詞。,
FC,ドラゴンクエストIII そして伝説へ…,1988,エニックス,RPG,社会現象となった伝説。自由なパーティ編成、広大な世界地図。冒険の終わりが始まりに繋がる衝撃は、多くの少年を勇者にした。,
FC,スーパーマリオブラザーズ3,1988,任天堂,アクション,ファミコンの集大成。空を飛ぶしっぽ、変身する地蔵。舞台仕立てのマップには、遊びのアイデアがこれでもかと詰め込まれている。,
FC,ゼルダの伝説,1986,任天堂,アクションADV,黄金のカートリッジ。謎を解き、隠し部屋を探す。ヒントの少ない手探りの冒険が、プレイヤーの探究心と勇気を育てた。,
FC,ドラゴンクエストIV 導かれし者たち,1990,エニックス,RPG,オムニバス形式の群像劇。異なる立場の主人公たちが、やがて一つの目的に集う。AI戦闘の導入など、常に革新を続けたシリーズの意欲作。,
FC,ファイナルファンタジーIII,1990,スクウェア,RPG,クリスタルとジョブチェンジ。召喚獣の圧倒的演出と、ラストダンジョンの死闘。ファミコンRPGの限界に挑んだ、美しくも過酷な物語。,
FC,MOTHER,1989,任天堂,RPG,エンディングまで泣くんじゃない。名曲『Eight Melodies』と、現代アメリカを舞台にしたシュールで優しい冒険。糸井重里が贈る愛の物語。,
FC,星のカービィ 夢の泉の物語,1993,任天堂,アクション,吸って、コピーして。ファミコン末期に現れた、パステルカラーの夢。初心者に優しく、上級者も唸る、アクションゲームの理想形。,
FC,ロックマン2 Dr.ワイリーの謎,1988,カプコン,アクション,E缶とメタルブレード。洗練されたステージ構成と、燃えるBGM。数あるシリーズの中でも最高傑作と名高い、アクションの教科書。,
FC,メトロイド,1986,任天堂,探索型アクション,閉ざされた惑星の孤独。迷路のような地下要塞を探索し、パワーアップしていく喜び。エンディングで明かされるサムスの素顔に世界が驚いた。,
FC,悪魔城ドラキュラ,1986,コナミ,アクション,吸血鬼狩りの美学。計算され尽くした敵配置と、硬派な難易度。ホラー映画の雰囲気とゲームとしての面白さが完璧に融合した。,
FC,ファイアーエムブレム 暗黒竜と光の剣,1990,任天堂,シミュレーションRPG,命は戻らない。ユニット＝キャラクターという概念を持ち込み、チェスのような戦術に「愛着」というドラマを加えたSRPGの始祖。,
FC,キャプテン翼II スーパーストライカー,1990,テクモ,シミュレーションサッカー,くっ！ガッツがたりない！ コマンド選択式で必殺シュートを放つ「テクモシアター」。原作の熱さを再現し、スポーツゲームの常識を覆した。,
FC,くにおくんの時代劇だよ全員集合,1991,テクノスジャパン,アクションRPG,なめんなよ！ 日本列島を股にかけた喧嘩道中。必殺技を買って覚え、仲間を連れて歩く。自由度の高さと協力プレイの楽しさは格別。,
FC,スーパーマリオUSA,1992,任天堂,アクション,野菜を引っこ抜け。敵を持ち上げて投げる独特のアクション。元は別のゲームだが、ピーチ姫が初めて冒険に出た記念すべき作品。,
FC,魂斗羅,1988,コナミ,アクション,熱き男たちの挽歌。エイリアンを粉砕する圧倒的な火力と、派手な演出。アクション映画の主役になれる、爽快ガンシューティング。,
FC,ドクターマリオ,1990,任天堂,パズル,カプセルで菌を殺せ。独特の浮遊感と、連鎖の気持ちよさ。単純ながら奥が深く、親世代まで巻き込んでブームとなった。,
FC,バルーンファイト,1985,任天堂,アクション,風を読め。独特の慣性で空を飛ぶ浮遊感。風船を割り合う対戦モードの殺伐とした面白さは、友情破壊ゲームの元祖。,
FC,アイスクライマー,1985,任天堂,アクション,頂上を目指せ。滑る床と、意地悪なアザラシ。協力プレイのはずが、いつの間にか落とし合いになるのもまた一興。,
FC,エキサイトバイク,1984,任天堂,レース,エンジンの過熱に注意。ウィリーで障害物を越え、転倒から復帰する。コースエディットで自分だけの難関コースを作る楽しみも。,
FC,ポートピア連続殺人事件,1985,エニックス,アドベンチャー,犯人はヤス。コマンド選択式アドベンチャーの金字塔。電話の音、地下室の恐怖、そして衝撃の結末は、推理ゲームの面白さを日本中に知らしめた。,
FC,忍者龍剣伝,1988,テクモ,アクション,シネマティック・ニンジャ。映画のようなビジュアルシーンと、スピーディーな壁張り付きアクション。高難易度だが、リトライの手が止まらない。,
FC,グラディウスII,1988,コナミ,シューティング,伝説の続編。FCのスペックを超えた巨大ボス、美しいグラフィック、そして4つのオプション。移植不可能と言われたアーケードの興奮を見事に再現。,
FC,ゼビウス,1984,ナムコ,シューティング,ナスカの地上絵。対空と対地、2つの攻撃を使い分ける戦略性。隠れキャラ「ソル」や「スペシャルフラッグ」を探す探索要素が熱い。,
FC,ボンバーマン,1985,ハドソン,アクション,爆弾と火力。壁を壊してアイテムを取り、出口を探す。シンプルながら中毒性が高く、後の対戦ブームの基礎を築いた。,
FC,ダウンタウン熱血物語,1989,テクノスジャパン,アクションRPG,不良たちの青春。殴って蹴って、商店街で買い物をして強くなる。「くにおくん」シリーズをRPG的な成長要素で進化させた名作。,
FC,スウィートホーム,1989,カプコン,RPG,扉が開く恐怖。バイオハザードの原点とも言われる、本格ホラーRPG。仲間が死ぬと生き返らない緊張感が、洋館の探索をより恐ろしいものにする。,
FC,メタルギア,1987,コナミ,ステルスアクション,戦うな、隠れろ。敵に見つからないように進むという逆転の発想。無線機での通信や、重厚なストーリーの萌芽がここにある。,
FC,リンクの冒険,1987,任天堂,アクションRPG,異色のゼルダ。横スクロールアクションと高い難易度。剣術を習得して成長するリンクの姿は、前作とは違うハードな魅力を放つ。,
FC,ドラゴンクエストII 悪霊の神々,1987,エニックス,RPG,仲間と共に。シリーズで初めてパーティ制を導入。「ロンダルキアへの洞窟」の鬼畜な難易度は、今も語り草となる伝説のトラウマ。,
FC,ファイナルファンタジー,1987,スクウェア,RPG,幻想の始まり。飛空艇で世界を見下ろした時の感動。美麗なグラフィックと映画的な演出は、ここから伝説となった。,
FC,桃太郎電鉄,1988,ハドソン,ボードゲーム,社長、大変です！ 日本全国を旅して物件を買い占める。貧乏神のなすりつけ合いでリアル喧嘩が勃発する、年末年始の定番。,
FC,スパルタンX,1985,任天堂,アクション,捕らわれのシルヴィアを救え。迫りくる敵をパンチとキックでなぎ倒す。カンフー映画の主人公になりきれる、シンプルかつ爽快な一本。,
FC,ツインビー,1986,コナミ,シューティング,ベルを撃ってパワーアップ。雲の上を飛ぶポップな世界観と、腕を失ったら救急車を呼ぶコミカルさ。2人同時プレイの定番。,
FC,スターソルジャー,1986,ハドソン,シューティング,16連射の熱夏。キャラバンシューティングの代名詞。高橋名人の指先と、子供たちのスコアアタック魂が、このカセットに刻まれている。,
FC,がんばれゴエモン!からくり道中,1986,コナミ,アクション,江戸の町を駆け抜けろ。3Dダンジョンと横スクロールの融合。小判を集めてアイテムを買う、和風アクションの傑作。,
FC,ファミコンウォーズ,1988,任天堂,シミュレーション,母ちゃん達には内緒だぞ。ポップなCMとは裏腹に、中身は本格的な戦略シミュレーション。ユニットの相性を学ぶ教科書。,
FC,さんまの名探偵,1987,ナムコ,アドベンチャー,お笑い界の巨匠が登場。吉本興業の芸人たちが実名で登場するミステリー。ギャグ満載だが、推理部分は意外としっかりしている。,
FC,ソロモンの鍵,1986,テクモ,アクションパズル,ブロックを出し、消す。反射神経と頭脳の両方が求められる高難易度パズル。隠されたアイテムを探す秘密の楽しさ。,
FC,スペランカー,1985,アイレム,アクション,最弱の主人公。自分の身長ほどの段差で死ぬ。その理不尽なまでの虚弱さが、逆に慎重かつ正確なプレイを要求する緊張感を生んだ。,
FC,マッピー,1984,ナムコ,アクション,ネズミポリスの鬼ごっこ。トランポリンで跳ね、ドアの衝撃波で泥棒猫を気絶させる。軽快な音楽とキャラの可愛らしさが光る。,
FC,高橋名人の冒険島,1986,ハドソン,アクション,スケボーに乗って突き進め。ひたすら障害物を避け、フルーツを取り続ける。シンプルだが中毒性の高い、ストイックなアクション。,
FC,バトルシティー,1985,ナムコ,シューティング,司令部を守り抜け。戦車を操り、レンガを破壊して敵を撃つ。自分でステージを作れるコンストラクション機能が画期的だった。,
FC,ヒットラーの復活 TOP SECRET,1988,カプコン,アクション,ジャンプできない主人公。ワイヤーアクションを駆使してぶら下がり、敵地へ潜入する。FC屈指の操作性と完成度を誇る隠れた名作。,
FC,ウィザードリィ,1987,アスキー,RPG,迷宮の深淵へ。ワイヤーフレームのダンジョンと、キャラロストの恐怖。想像力で補完するファンタジーRPGの始祖であり最高峰。,
FC,ギミック!,1992,サンソフト,アクション,物理演算と名曲。FC末期に生まれた、跳ねる星を投げるアクション。拡張音源による重厚なサウンドと、愛らしい見た目に反したガチな難易度。,
FC,ラグランジュポイント,1991,コナミ,RPG,音の革命。専用チップが生み出すFM音源の響き。SF設定の重厚なシナリオと相まって、耳に残る感動を与えた。,
FC,ジョイメカファイト,1993,任天堂,対戦格闘,関節がなくても動く。ハードの制約を逆手に取った、パーツが浮遊するロボット格闘。滑らかなアニメーションと熱い駆け引き。,
FC,クライシスフォース,1991,コナミ,シューティング,FCの限界突破。高速スクロール、変形、合体。ハード末期の技術を結集し、次世代機並みの演出を実現したシューティング。,
FC,ベースボール,1983,任天堂,スポーツ,すべての始まり。選手名はなく、チームごとの個性もない。それでも、テレビの中で野球ができるというだけで、それは魔法だった。,
SFC,スーパーマリオワールド,1990,任天堂,アクション,恐竜ランドの冒険。マントで大空を滑空し、ヨッシーと共に行く。SFCの幕開けを飾った、色あせない王道アクション。,
SFC,ゼルダの伝説 神々のトライフォース,1991,任天堂,アクションADV,雨の夜、おじさんを追って城へ。光と闇、二つの世界を行き来する壮大な謎解きは、2Dゼルダの完成形にして頂点。,
SFC,クロノ・トリガー,1995,スクウェア,RPG,星を救う時空の旅。鳥山明の絵が動き、光田康典の音が泣かせる。ドリームプロジェクトが生んだ、JRPG史に輝く奇跡。,
SFC,ファイナルファンタジーVI,1994,スクウェア,RPG,魔導と機械、そして群像劇。ドット絵の表現力が極限に達し、オペラ座の悲恋や世界崩壊の絶望をドラマチックに描ききった。,
SFC,ドラゴンクエストV 天空の花嫁,1992,エニックス,RPG,親子三代にわたる壮大な大河ドラマ。モンスターを仲間にし、人生の伴侶を選ぶ。ゲームが人生の疑似体験であることを証明した一作。,
SFC,スーパードンキーコング2 ディクシー＆ディディー,1995,任天堂,アクション,とげとげタルめいろの旋律。美しいプリレンダCGと、鬼のような難易度。レア社が遺した、横スクロールアクションの金字塔。,
SFC,ストリートファイターIIターボ,1993,カプコン,対戦格闘,俺より強い奴に会いに行く。ゲームセンターの熱狂がそのまま家にやってきた。対戦格闘ブームを決定づけた、スピードアップ版。,
SFC,スーパーメトロイド,1994,任天堂,探索型アクション,惑星ゼーベスの孤独。言葉のないストーリーテリングと、探索の自由度。メトロイドヴァニアというジャンルを確立した不朽の名作。,
SFC,MOTHER2 ギーグの逆襲,1994,任天堂,RPG,大人も子供も、おねーさんも。現代アメリカ風の世界で繰り広げられる、奇妙で愛おしい冒険。糸井重里の言葉が心に刺さる。,
SFC,スーパーマリオカート,1992,任天堂,レース,アイテムで一発逆転。画面分割で友達と競うバトルの熱さは、ここから始まった。ストイックなタイムアタックも魅力。,
SFC,ファイナルファンタジーV,1992,スクウェア,RPG,クリスタルの輝きとジョブシステム。「すっぴん」最強説や「アビリティ」の組み合わせが生む無限の戦略性。バトルの面白さはシリーズ随一。,
SFC,スーパーマリオ ヨッシーアイランド,1995,任天堂,アクション,パステルカラーの手書き風世界。赤ちゃんマリオを守りながら進む、優しくもハードコアなアクション。踏ん張りジャンプの操作感が心地よい。,
SFC,聖剣伝説2,1993,スクウェア,アクションRPG,モーションバトルで駆け巡る。3人協力プレイで強敵に挑み、マナの樹の運命を見届ける。美しくも悲しい物語。,
SFC,タクティクスオウガ,1995,クエスト,シミュレーションRPG,僕の手は汚れているか。民族紛争を描いた重厚なシナリオと、高低差のある戦略バトル。シミュレーションRPGを「大人の物語」へと昇華させた。,
SFC,ロックマンX,1993,カプコン,アクション,壁蹴りの爽快感。シリアスな世界観で描かれる、エックスとゼロの戦い。パワーアップパーツを探す探索要素がアクションの幅を広げた。,
SFC,スーパーマリオRPG,1996,任天堂/スクウェア,アクションRPG,任天堂とスクウェアの夢の競演。マリオの世界観にコマンドバトルとアクションコマンドが見事に融合した、楽しくて少し切ない傑作。,
SFC,ファイアーエムブレム 聖戦の系譜,1996,任天堂,シミュレーションRPG,愛と戦争の叙事詩。親子二世代にわたる壮大なスケールと、カップリングで子供の能力が変わるシステムが、プレイヤーごとの歴史を作る。,
SFC,ドラゴンクエストIII そして伝説へ… (リメイク),1996,エニックス,RPG,伝説は、より美しく。性格診断やすごろく場を追加し、グラフィックを一新。リメイクのお手本とされる、完成されたロトの伝説。,
SFC,不思議のダンジョン2 風来のシレン,1995,チュンソフト,ローグライクRPG,1000回遊べるRPG。倒れたらレベル1。理不尽な死を乗り越え、知識と経験でテーブルマウンテンの頂を目指す。,
SFC,真・女神転生II,1994,アトラス,RPG,法と混沌の狭間で。崩壊したTOKYOを舞台に、神殺しをも辞さないダークな世界観。悪魔合体の中毒性は健在。,
SFC,星のカービィ スーパーデラックス,1996,任天堂,アクション,名作のオムニバス。「激突！グルメレース」や「洞窟大作戦」など、バラエティ豊かな遊びが詰まった、2人プレイ推奨のカービィ決定版。,
SFC,スターフォックス,1993,任天堂,シューティング,スーパーFXチップの衝撃。ポリゴンで描かれた宇宙空間を飛び回る。任天堂が3Dゲームへの第一歩を踏み出した歴史的一作。,
SFC,F-ZERO,1990,任天堂,レース,音速の未来レース。回転拡大縮小機能をフル活用した擬似3Dの疾走感。BGMのカッコよさと共に、ローンチで度肝を抜いた。,
SFC,魂斗羅スピリッツ,1992,コナミ,アクション,ド派手な演出、男たちの戦場。回転、拡大、多関節ボス。SFCのハード性能を限界まで使い倒した、熱きガンアクション。,
SFC,悪魔城ドラキュラ,1991,コナミ,アクション,鞭を振るうゴシックホラー。荘厳なBGMと緻密なグラフィック。鞭を8方向に振れる操作性が、アクションの自由度を高めた。,
SFC,アクトレイザー,1990,エニックス,アクション/シミュレーション,神となって世界を創る。硬派な横スクロールアクションと、街を発展させるクリエイションモードの奇跡的な融合。古代祐三のBGMが神々しい。,
SFC,ロマンシング サ・ガ2,1993,スクウェア,RPG,皇帝継承。世代を超えて帝国を拡大し、七英雄と戦う。閃きシステムと陣形の戦略性が、フリーシナリオの自由度と噛み合った。,
SFC,ロマンシング サ・ガ3,1995,スクウェア,RPG,宿命の子を巡る物語。洗練されたグラフィックと、コマンダーモードやマスコンバットなどの多彩なミニゲーム要素。サガシリーズの一つの到達点。,
SFC,聖剣伝説3,1995,スクウェア,アクションRPG,6人の主人公、3つの物語。選んだ仲間によってストーリー展開とラスボスが変わる。クラスチェンジの分岐が育成の楽しみを倍増させた。,
SFC,ライブ・ア・ライブ,1994,スクウェア,RPG,場所も時代も異なる7つの物語。プロレス、西部劇、SFなど、多彩なジャンルをオムニバス形式で描く。最後に交錯する運命の衝撃。,
SFC,フロントミッション,1995,スクウェア,シミュレーションRPG,ヴァンツァーを組む楽しみ。パーツをカスタマイズして戦うロボットSRPG。重厚な戦争ドラマと、スキル連鎖の爽快感。,
SFC,天地創造,1995,エニックス,アクションRPG,地球再生の旅。文明を発展させ、最後に待つ哲学的な結末。クインテット三部作の集大成であり、アクションの手触りも極上。,
SFC,がんばれゴエモン2 奇天烈将軍マッギネス,1993,コナミ,アクション,ゴエモンインパクト出撃。和風テイストと巨大ロボ戦、そして絶妙なギャグセンス。2人同時プレイのわちゃわちゃ感が最高に楽しい。,
SFC,ぷよぷよ通,1995,コンパイル,パズル,相殺（そうさい）システムの革命。「おじゃまぷよ」を打ち消し合う熱い攻防が、対戦パズルの戦略を無限に広げた。,
SFC,シムシティ,1991,任天堂,シミュレーション,市長になって街づくり。任天堂アレンジによる親しみやすさと、Dr.ライトの助言。自分の街が育っていく様子を眺める至福の時間。,
SFC,アラジン,1993,カプコン,アクション,ディズニーアニメを操作する。カプコンの職人芸による滑らかなアニメーションと、軽快なアクション。キャラゲーの最高峰の一つ。,
SFC,クロックタワー,1995,ヒューマン,ホラーADV,ハサミ男の恐怖。非力な少女となり、逃げて隠れることしかできない無力感。SFCで実現した本格的なサイコホラー。,
SFC,パネルでポン,1995,任天堂,パズル,アクティブ連鎖の快感。下からせり上がるパネルを入れ替えて消す。見た目の可愛さに反して、極めるとスポーツのような瞬発力が求められる。,
SFC,超魔界村,1991,カプコン,アクション,二段ジャンプの悲劇と歓喜。パンツ一丁で挑む魔界は相変わらずの激ムズだが、その先にある達成感は何物にも代えがたい。,
SFC,T.M.N.T. タートルズ イン タイム,1992,コナミ,ベルトアクション,カワバンガ！ アニメそのもののキャラが画面狭しと暴れ回る。敵を画面手前に投げつける演出が爽快な、ベルトスクロールの名作。,
SFC,グラディウスIII 伝説から神話へ,1990,コナミ,シューティング,装備をエディットして宇宙へ。アーケードの難易度を家庭用に調整し、遊びやすくも奥深いシューティングに仕上げた初期の名作。,
SFC,極上パロディウス,1994,コナミ,シューティング,笑って撃って。実況おしゃべりが盛り上げる、パロディ満載のシューティング。見た目はふざけているが中身は超本格派。,
SFC,デア ラングリッサー,1995,メサイヤ,シミュレーションRPG,光か闇か、帝国か。SFC版独自のマルチシナリオシステムにより、敵側にも味方できる自由度が、戦争の是非を問いかける。,
SFC,メタルマックス2,1993,データイースト,RPG,戦車と犬と人間のRPG。荒廃した世界を自由に旅し、賞金首を狩る。クルマを改造する楽しさに魂を奪われたハンターたちへ。,
SFC,トルネコの大冒険 不思議のダンジョン,1993,チュンソフト,ローグライクRPG,1000回遊べるRPGの第一弾。ドラクエの世界観でローグライクへの入り口を開いた功績は偉大。商人ならではのアイテム活用が鍵。,
SFC,バハムートラグーン,1996,スクウェア,シミュレーションRPG,ドラゴンを育てて戦う。地形を変化させる魔法や、ドラゴンの育成要素。そして「サラ」というヒロインが残した強烈なトラウマ。,
SFC,ルドラの秘宝,1996,スクウェア,RPG,言霊システム。自分で作った言葉が魔法になる画期的なシステムと、滅びゆく世界で4人の主人公が交錯するSFC末期の隠れた名作。,
SFC,新機動戦記ガンダムW ENDLESS DUEL,1996,バンダイ,対戦格闘,モビルスーツがガシガシ動く。キャラゲーと侮れない、極めて高い完成度を誇る格闘ゲーム。ブーストを使った高速バトルが熱い。,
SFC,ワイルドガンズ,1994,ナツメ,ガンアクション,西部劇×SF。手前の照準と奥のキャラを同時に操作する独特のシステム。ナツメのドット絵技術が光る、爽快な破壊アクション。,
SFC,海腹川背,1994,T&E SOFT,ラバーリングアクション,ルアーを投げて、壁を登る。ゴムのような伸縮を利用した物理挙動アクション。独特の世界観と、極めるほどに上達を感じる奥深さ。,
SFC,ファイナルファンタジーIV,1991,スクウェア,RPG,「光と闇」の物語。裏切り、別れ、そして贖罪。ドラマチックなストーリーテリングをJRPGに定着させた、シリーズの転換点。,
SFC,スーパードンキーコング,1994,任天堂,アクション,CG革命の衝撃。当時「次世代機不要」と言わしめた圧倒的なグラフィックと、タル大砲で空を駆ける爽快感。,
SFC,テイルズ オブ ファンタジア,1995,ナムコ,RPG,「歌うRPG」。大容量48メガビットROMが可能にしたオープニング曲とボイス。アクション性の高い戦闘がRPGの常識を変えた。,
SFC,ドラゴンクエストI・II,1993,エニックス,RPG,原点の再誕。グラフィックと操作性がSFC水準に洗練され、ロトの伝説を一気に体験できる贅沢な一本。,
SFC,ファイアーエムブレム 紋章の謎,1994,任天堂,シミュレーションRPG,マルス王子の苦難と成長。２部構成の大ボリュームと、ユニットロストの緊張感。SRPGを人気ジャンルへと押し上げた功労者。,
SFC,スーパードンキーコング3 謎のクレミス島,1996,任天堂,アクション,謎解きと探索の深化。前作以上のやり込み要素と、ファンタジックな世界観。SFC末期を飾る技術の結晶。,
SFC,星のカービィ3,1998,任天堂,アクション,パステル画の優しさ。リック、カイン、クーなどの仲間たちと協力して進む、手書き風の温かい世界。,
SFC,スターオーシャン,1996,エニックス,RPG,SFとファンタジーの融合。SFCの限界に挑んだ美麗なグラフィックとボイス、そして豊富なスキルシステム。,
SFC,伝説のオウガバトル,1993,クエスト,シミュレーションRPG,タロットカードが導く運命。部隊を編成して進軍するRTS的な要素と、善悪の天秤が揺れ動くマルチエンディング。,
SFC,ブレス オブ ファイアII 使命の子,1994,カプコン,RPG,竜に変身する宿命。宗教をテーマにした重厚なシナリオと、自分だけの「共同体」を作る町づくりの楽しみ。,
SFC,エストポリス伝記II,1995,タイトー,RPG,パズルの迷宮と、愛の物語。ダンジョンの謎解き要素が非常に秀逸で、エンディングの切なさはSFC屈指と語り継がれる。,
SFC,ロックマンX2,1994,カプコン,アクション,スピードへの渇望。エアダッシュの標準装備により、ステージを駆け抜ける疾走感が前作より大幅に向上した。,
SFC,ロックマンX3,1995,カプコン,アクション,赤い英雄、ゼロ参戦。パーツ換装による強化システムがさらに複雑化し、探索とアクションの歯ごたえが増した。,
SFC,ストリートファイターZERO2,1996,カプコン,対戦格闘,ロード時間の奇跡。特殊チップによりSFCでアーケードの興奮を再現。オリジナルコンボシステムが熱い。,
SFC,エリア88,1991,カプコン,シューティング,傭兵たちの空。稼いだ金で戦闘機を買い、武装を強化する。アニメ原作の悲壮感とシューティングの爽快感が見事にマッチ。,
SFC,アクスレイ,1992,コナミ,シューティング,美しい宇宙。擬似3Dで描かれる奥スクロールと、緻密な横スクロール。コナミの演出技術が光るSFシューティング。,
SFC,R-TYPE III,1993,アイレム,シューティング,フォースの進化。3種類のフォースを使い分ける戦略性と、グロテスクかつ美しいバイオメカニクスの世界。,
SFC,がんばれゴエモン3 獅子重禄兵衛のからくり卍固め,1994,コナミ,アクションADV,未来の江戸へ。従来のステージクリア型から広大なマップ探索型へと進化し、ゼルダのような冒険感が加わった。,
SFC,きんぎょ注意報! とびだせ!ゲーム学園,1992,ジャレコ,パーティ,わぴこと遊ぼう。原作のノリを再現したハチャメチャなミニゲーム集。3人プレイの盛り上がりは異常。,
SFC,スーパーボンバーマン3,1995,ハドソン,アクション,ルーイに乗って爆破しろ。最大5人対戦の熱狂はそのままに、乗り物「ルーイ」の登場で戦術の幅が広がった。,
SFC,ドラゴンボールZ 超武闘伝2,1993,バンダイ,対戦格闘,カカロットォ！ 画面を分割して放つカメハメ波の撃ち合い。ボイス連呼とメテオスマッシュが当時の子供たちを熱狂させた。,
SFC,幽☆遊☆白書 魔強統一戦,1994,トレジャー,対戦格闘,伊達にあの世は見てねぇ。多ライン制のバトルと、トレジャーらしい超絶エフェクト。キャラゲーの枠を超えた格闘ゲームの傑作。,
SFC,テトリス武闘外伝,1993,BPS,パズル,ブロックを奪い合う仁義なき戦い。必殺技ゲージを共有するというシステムが、テトリスを高度な心理戦へと変貌させた。,
SFC,スーパーフォーメーションサッカー,1991,ヒューマン,スポーツ,縦スクロールの臨場感。独特の視点が生むスピード感と、シンプルながら奥深いパス回し。Jリーグ開幕前のサッカーブームを支えた。,
SFC,スーパーファイヤープロレスリングX プレミアム,1996,ヒューマン,スポーツ,エディットレスラーの殿堂。技のタイミング、ロジックの構築。プロレスごっこを極限までシミュレートした最高傑作。,
SFC,実況パワフルプロ野球3,1996,コナミ,スポーツ,サクセスの夜明け。野球選手を育成する「サクセスモード」が本格化し、ただの野球ゲームから人生シミュレーションへと進化した。,
SFC,ダービースタリオン96,1996,アスキー,シミュレーション,最強馬生産の沼。血統理論を学び、牧場経営に没頭する。数多くのプレイヤーを競馬場へと送り出した罪作りな名作。,
SFC,パイロットウイングス,1990,任天堂,スカイスポーツ,空を飛ぶ夢。回転拡大縮小機能をフル活用し、飛行機やスカイダイビングの浮遊感を家庭用テレビで実現した。,
SFC,マリオペイント,1992,任天堂,ツール,マウスで描く楽しみ。お絵かきだけでなく、ハエ叩きゲームや作曲モードに夢中になる人が続出。クリエイティブの原体験。,
SFC,ワンダープロジェクトJ 機械の少年ピーノ,1994,エニックス,育成シミュレーション,父さんの作ったロボット。言葉を教え、善悪を教える。ピーノの成長と、最後に待つ感動の結末。,
SFC,46億年物語 はるかなるエデンへ,1992,エニックス,アクションRPG,進化のロマン。魚類から哺乳類まで、体を自由に進化させて環境に適応する。壮大な地球史を旅するユニークな作品。,
SFC,デモンズブレイゾン 魔界村 紋章編,1994,カプコン,アクション,赤き魔物の飛翔。魔界村の敵役レッドアリーマーが主役。ホバリングや壁張り付きを駆使した、ダークで硬派な探索アクション。,
SFC,ザ・ファイヤーメン,1994,ヒューマン,アクション,炎と戦うプロフェッショナル。放水で火を消し進むという珍しいテーマながら、バディとの連携や火災の挙動が熱い隠れた良作。,
SFC,HAGANE -鋼-,1994,ハドソン,アクション,サイバー忍者の舞。多彩な忍具とアクロバティックな動き。海外でカルト的な人気を誇る、超硬派なスタイリッシュアクション。,
SFC,奇々怪界 謎の黒マント,1992,ナツメ,アクションシューティング,巫女とお札と妖怪退治。可愛い見た目とは裏腹に、ナツメらしいシビアな難易度と丁寧なドット絵が光る。,
SFC,ロックマン&フォルテ,1998,カプコン,アクション,SFC晩年の意地。フォルテがプレイアブルになり、PS並みのグラフィックと凶悪な難易度で挑んでくる。,
SFC,フロントミッションシリーズ ガンハザード,1996,スクウェア,アクションRPG,横スクロールで戦うヴァンツァー。重厚な世界観はそのままに、アクションとしての爽快感を追求した外伝的傑作。,
SFC,魔法騎士レイアース,1995,トミー,RPG,少女漫画とRPGの幸福な出会い。原作の雰囲気を壊さず、快適なシステムと美しいグラフィックでまとめ上げたキャラゲーの良心。,
SFC,美少女戦士セーラームーン ANOTHER STORY,1995,エンジェル,RPG,戦う乙女の本格RPG。原作とアニメの要素を巧みにミックスし、ファンを唸らせるシナリオ展開と戦略的なバトル。,
SFC,トレジャーハンターG,1996,スクウェア,RPG,CGとドットの融合。アクションポイント制の戦略的なバトルと、兄弟の絆を描く冒険。スクウェアSFC時代の最後を飾る一本。,
SFC,バハムートラグーン,1996,スクウェア,シミュレーションRPG,竜と共に戦う。地形を変える魔法、ドラゴンの育成、そして大人の恋愛模様を描いた、スクウェアの意欲作。,
SFC,ヨッシーのクッキー,1993,任天堂,パズル,クッキーを揃えて焼く。単純明快なルールと、ヨッシーの可愛らしさ。対戦モードの泥沼感が楽しい。,
SFC,スーパーマリオコレクション,1993,任天堂,アクション,名作の詰め合わせ。ファミコンのマリオ1〜3などがSFC画質でリメイク。これ一本で永遠に遊べる最強のアーカイブ。,
SFC,リターン・オブ・ダブルドラゴン,1992,テクノスジャパン,ベルトアクション,男たちの挽歌。ガードや掴み攻撃の駆け引きが熱い。BGMの渋さと打撃音が心地よい、ベルトスクロールの佳作。,
SFC,メタルスレイダーグローリー ディレクターズカット,2000,任天堂,アドベンチャー,SFアドベンチャーの金字塔。書き換え専用ソフトとして蘇った、ファミコン版を凌駕する圧倒的なグラフィックと演出。,
SFC,ファイナルファイト2,1993,カプコン,ベルトアクション,世界を股にかけた喧嘩旅。前作でできなかった「2人同時プレイ」がついに実現。マキ、カルロスと共に悪を討つ。,
SFC,バトルドッジボール 闘球大激突!,1991,バンプレスト,スポーツ,SDキャラの祭典。ガンダム、ウルトラマン、仮面ライダーがドッジボールで対決。必殺技が飛び交うハチャメチャさが楽しい。,
SFC,スラップスティック,1994,エニックス,RPG,発明で世界を救え。ロボットを改造して戦う一風変わったRPG。コミカルな見た目に反して、クインテットらしい哲学が見え隠れする。,
SFC,牧場物語,1996,パック・イン・ビデオ,生活シミュレーション,開拓者の夜明け。荒れ果てた牧場を耕し、家畜を育てる。戦わないゲームとしての「スローライフ」を確立した記念碑的作品。,
SFC,スーパーワギャンランド,1991,ナムコ,アクション,音波砲としりとり。アクションの合間に挟まる「しりとり」や「モザイク当て」のボス戦が、独特の緊張感と笑いを生む。,
N64,スーパーマリオ64,1996,任天堂,3Dアクション,箱庭を走る喜び。スティックを倒せばマリオが走る、その当たり前の革命が、世界中のゲームの景色を一変させた。,
N64,ゼルダの伝説 時のオカリナ,1998,任天堂,アクションADV,3Dゲームの金字塔。Z注目が切り開いた剣劇、ハイラルの広大な夕暮れ。冒険とは何かを定義した、永遠のマスターピース。,
N64,ゴールデンアイ 007,1997,任天堂,FPS,硝煙とタキシード。画面分割で友達を狙い撃つ緊張感。64のコントローラーは、この日、スパイの銃へと変わった。,
N64,大乱闘スマッシュブラザーズ,1999,任天堂,対戦アクション,任天堂オールスター、仁義なき場外乱闘。蓄積ダメージを溜めて吹っ飛ばす、そのシンプルで野蛮な快感が、対戦ゲームの歴史を変えた。,
N64,マリオカート64,1996,任天堂,レース,ドリフトの火花、飛び交う甲羅。3Dコースの立体的な駆け引きと、友達の悲鳴がリビングに響く、接待ゲームの王様。,
N64,ゼルダの伝説 ムジュラの仮面,2000,任天堂,アクションADV,月が落ちてくる絶望。繰り返される3日間の中で、人々の悩みを癒やし、破滅へのカウントダウンに抗う、異色にして至高のゼルダ。,
N64,スターフォックス64,1997,任天堂,シューティング,「do a barrel roll!」 映画のような演出と無線ボイスが飛び交う戦場。ルート分岐を探して何度も空へ飛び立つ、スコアアタックの極致。,
N64,バンジョーとカズーイの大冒険,1998,任天堂,3Dアクション,クマとトリの珍道中。海外アニメのような皮肉の効いたユーモアと、広大でギミック満載の箱庭探索が生んだレア社の傑作。,
N64,マリオストーリー,2000,任天堂,アクションRPG,紙でできたマリオの冒険。絵本のような温かさと、アクションコマンドの爽快感。RPGが苦手な人すら虜にする、優しい世界。,
N64,星のカービィ64,2000,任天堂,アクション,能力と能力をミックスする実験室。3Dで描かれる2.5Dのステージは、可愛らしくもどこか神秘的な雰囲気を漂わせる。,
N64,F-ZERO X,1998,任天堂,レース,必要なのは速さだけ。背景を削ぎ落として実現した60fpsの超高速バトル。デスレースの狂気とヘヴィメタルが脳髄を揺らす。,
N64,ドンキーコング64,1999,任天堂,3Dアクション,5匹のコング、膨大な収集アイテム。メモリー拡張パックが解き放つ、圧倒的ボリュームのジャングル探索。,
N64,どうぶつの森,2001,任天堂,コミュニケーション,戦わない、競わない。ただそこで暮らすだけ。借金を返し、家具を集め、四季を感じる。スローライフというジャンルの夜明け。,
N64,カスタムロボV2,2000,任天堂,ロボットアクション,僕らのプラモデルが動き出す。ガトリング、ポッド、ボム。自分だけの愛機を組み上げ、ジオラマの戦場で散らす火花。,
N64,不思議のダンジョン 風来のシレン2 鬼襲来!シレン城!,2000,チュンソフト,ローグライクRPG,1000回遊べるどころではない。城を作り、もののけを仲間にし、最果てを目指す。完成されたシステムが泥棒すらも熱いドラマにする。,
N64,ポケモンスナップ,1999,任天堂,カメラアクション,戦うのではなく、撮る。自然の中のポケモンたちの無防備な表情。その一瞬をフィルムに焼き付ける、優雅なサファリツアー。,
N64,パーフェクトダーク,2000,任天堂,FPS,近未来の陰謀、闇に光るマズルフラッシュ。ゴールデンアイの遺伝子を受け継ぎ、より暗く、より洗練されたエージェントの孤独な戦い。,
N64,ウエーブレース64,1996,任天堂,マリンスポーツ,波と戯れる感覚。物理演算された波のうねりが、ただ走るだけのレースを、自然との対話へと昇華させた。,
N64,罪と罰 〜地球の継承者〜,2000,任天堂,アクションシューティング,トレジャーが放つ、弾幕と近接攻撃の舞踏。退廃的なSF世界観と、中二心をくすぐるセリフ回しがカルト的な人気を誇る。,
N64,マリオパーティ2,1999,任天堂,パーティ,友情破壊ゲームの決定版。コスプレしたマリオたちが、すごろくとミニゲームで意地汚くコインを奪い合う、最高に盛り上がる一夜。,
N64,牧場物語2,1999,ビクター,生活シミュレーション,花の芽村の四季。3Dになった牧場で、作物を育て、動物を愛でる。終わりのない労働が、なぜか心に安らぎを与える。,
N64,ディディーコングレーシング,1997,任天堂,レースアドベンチャー,カート、ホバー、飛行機。陸海空を制覇する冒険レーシング。ただ走るだけでなく、ボスと戦い世界を救うワクワク感。,
N64,爆ボンバーマン,1997,ハドソン,アクション,爆弾は丸く、爆風は球状に。3D空間を活かした立体的なパズル要素と、ボムを積み上げて足場を作るテクニカルな冒険。,
N64,実況パワフルプロ野球4,1997,コナミ,スポーツ,サクセスモードの進化。あかつき大学での厳しい練習とドラマ。2Dと3Dが融合し、野球ゲームの新たなスタンダードを作った。,
N64,ヨッシーストーリー,1997,任天堂,アクション,手芸用品でできた世界。「幸せ」を集める旅は、見た目のファンシーさに反して、メロンだけを食べるというストイックなスコアアタックを要求する。,
N64,オウガバトル64,1999,任天堂,シミュレーションRPG,革命の旗の下に。部隊をリアルタイムで指揮する緊張感と、正義を問う重厚な群像劇。N64屈指の硬派な戦記物。,
N64,1080° シルバースノーボーディング,1998,任天堂,スポーツ,雪を削る音、風の音。ストイックに挙動を追求したリアリティが、雪山を滑り降りる孤独と快感を指先に伝える。,
N64,ブラストドーザー,1997,任天堂,破壊アクション,進路を塞ぐものはすべて壊せ。核搭載トレーラーを止めるな。建物をなぎ倒す破壊の美学と、緻密なパズル要素の奇跡的な融合。,
N64,ワンダープロジェクトJ2 コルロの森のジョゼット,1996,エニックス,育成シミュレーション,機械の少女に「心」を教える。会話と触れ合いを通じて成長するジョゼットの姿が、プレイヤーの中に親心と切なさを芽生えさせる。,
N64,ゆけゆけ!!トラブルメーカーズ,1997,エニックス,横スクロールアクション,掴んで、振って、投げ飛ばす。2Dアクションの限界に挑んだスピード感と、独特のアメコミ風演出が光る隠れた名作。,
GC,大乱闘スマッシュブラザーズDX,2001,任天堂,対戦アクション,スピード、重さ、吹っ飛びの美学。対戦ツールとしての完成度が極点に達し、未だに競技シーンで愛され続ける奇跡のバランス。,
GC,メトロイドプライム,2003,任天堂,FPSアドベンチャー,バイザー越しに見る未知の惑星。FPSを「主観視点の探索」へと再定義し、孤独と静寂さえもエンターテインメントに変えた傑作。,
GC,ゼルダの伝説 風のタクト,2002,任天堂,アクションADV,「アニメを動かす」という衝撃。風を読み、大海原を駆けるリンクの表情は、冒険のワクワク感を色彩豊かに語りかける。,
GC,バイオハザード4,2005,カプコン,サバイバルホラー,背後からの視点が世界を変えた。恐怖とアクションの黄金比率。TPSの歴史は、レオンが村に足を踏み入れた瞬間から書き換わった。,
GC,ピクミン2,2004,任天堂,AIアクション,地下洞窟の闇と、お宝の輝き。紫と白の仲間を加え、借金返済という世知辛い目的すらも楽しさに変える、戦略と段取りの極み。,
GC,ペーパーマリオRPG,2004,任天堂,アクションRPG,紙だからできる演出、観客が見守る舞台仕立てのバトル。ユーモアとシリアスが同居するストーリーは、マリオRPG史上の最高傑作との呼び声高い。,
GC,スーパーマリオサンシャイン,2002,任天堂,3Dアクション,南国の陽射しと、水のポンプ。汚れを落として水を撒く。独特の操作感と高難易度のアスレチックが、夏休みのような開放感を演出する。,
GC,どうぶつの森e+,2003,任天堂,コミュニケーション,村での生活は、より賑やかに。カードeリーダーで住人を呼ぶ楽しみや、夜中の散歩の静けさが、終わらない日常への没入感を深めた。,
GC,ルイージマンション,2001,任天堂,アクションアドベンチャー,兄の留守を預かる臆病な弟。掃除機でオバケを吸い込む心地よい手応えと、箱庭のような洋館の探索が、ローンチタイトルの名に恥じない完成度。,
GC,マリオカート ダブルダッシュ!!,2003,任天堂,レース,二人乗りが生むカオス。一人が運転し、一人がアイテムを投げる。戦略とドタバタが加速する、シリーズで最も攻撃的なマリオカート。,
GC,カービィのエアライド,2003,任天堂,アクションレース,Aボタン一つで、すべてが決まる。街を駆け巡り機体を強化する「シティトライアル」は、遊びの無限ループを生む時間泥棒。,
GC,テイルズ オブ シンフォニア,2003,ナムコ,RPG,君と響きあうRPG。シリーズ初の3D化でありながら、差別や種族間の対立という重いテーマを描ききった、GCにおけるJRPGの代表格。,
GC,F-ZERO GX,2003,任天堂/セガ,レース,任天堂とセガのタッグが生んだ、最速の怪物。瞬きすら許されないスピードと、近未来のサイバーな映像美は、今なお色褪せない。,
GC,ゼルダの伝説 トワイライトプリンセス,2006,任天堂,アクションADV,黄昏に染まるハイラル。狼となって駆け抜けるダークで写実的な世界観は、風のタクトとは対極にある「リアルなゼルダ」の回答。,
GC,ファイアーエムブレム 蒼炎の軌跡,2005,任天堂,シミュレーションRPG,傭兵アイクの成長譚。3Dマップとフルボイスムービーで描かれる、ラグズ（獣人）との共存と対立のドラマ。,
GC,ビューティフル ジョー,2003,カプコン,VFXアクション,"「Henshin A Go Go, Baby!」 映画の技法をゲームに持ち込んだスロー＆ズーム。アメコミ調のグラフィックで魅せる、スタイリッシュな殴り合い。",
GC,ピクミン,2001,任天堂,AIアクション,引っこ抜かれて、戦って、食べられる。生命の儚さと残酷さ、そして愛らしさ。30日という制限が生む緊張感が、惑星脱出の必死さを際立たせる。,
GC,バテン・カイトス 終わらない翼と失われた海,2003,ナムコ,RPG,マグナス（カード）が紡ぐ物語。戦闘中にカードでポーカー役を作るような独自システムと、絵画のように美しいプリレンダリングの背景美術。,
GC,ちびロボ!,2005,任天堂,アクションアドベンチャー,身長10センチの家政夫。コンセントを探して充電し、家族のささやかな幸せを守る。日常の隙間に潜む優しさと、少しの切なさ。,
GC,巨人のドシン,2002,任天堂,アクション,愛と憎しみの巨神。島民に感謝されて大きくなるか、破壊して畏怖されるか。独特の浮遊感とシュールな世界観が、プレイヤーの倫理観を試す。,
GC,エターナルダークネス 招かれた13人,2002,任天堂,サイコホラー,正気度が削られる恐怖。画面が傾く、セーブデータが消える幻覚を見る。プレイヤー自身に精神攻撃を仕掛ける、メタ的演出の実験作。,
GC,ドンキーコングジャングルビート,2004,任天堂,アクション,タルコンガを叩いて進め。手拍子でジャンプし、太鼓を連打して敵を殴る。本能に直接訴えかける、原始的かつ爽快なアクション。,
GC,ガチャフォース,2003,カプコン,アクション,おもちゃの軍団、総力戦。ガチャポンマシンから出る小さなロボットたちを集めて戦う。隠れた名作として語り継がれる、少年の夢の具現化。,
GC,スーパーモンキーボール2,2002,セガ,アクションパズル,お猿を転がす、ただそれだけ。単純な操作に反して、ステージ構成は悪魔的。絶妙な物理挙動に一喜一憂するバランス感覚の極地。,
GC,ギフトピア,2003,任天堂,非RPG,大人になるための冒険。RPGの文法を否定し、戦闘をなくし、島の住民との生活を描いた、ラブデリック系譜の奇妙で温かい物語。,
GC,キラー7,2005,カプコン,アクションADV,須田剛一の脳内世界。多重人格の殺し屋と、スタイリッシュな映像美。意味不明さとカッコよさが同居する、唯一無二のノワール。,
GC,ファンタシースターオンライン エピソード1&2,2002,セガ,オンラインRPG,家庭用機で世界と繋がる衝撃。ラグオルの大地を仲間と駆けた日々は、多くのゲーマーにとって「初めてのオンライン」の原体験となった。,
GC,ソウルキャリバーII,2003,ナムコ,対戦格闘,リンク、参戦。武器格闘の最高峰がGCに。滑らかな剣戟アクションと、多彩なシングルプレイモードが格ゲーの敷居を下げた。,
GC,カスタムロボ バトルレボリューション,2004,任天堂,ロボットアクション,大人の鑑賞にも堪えうるストーリーと、深化したカスタマイズ。4人対戦の熱さはそのままに、よりダークでシリアスな戦場へ。,
GC,スターフォックス アサルト,2005,任天堂,シューティング,空から降りて、大地を駆ける。ナムコとの合作によりスピード感とシューティングの爽快感が増した、フォックスたちの新たな戦い。,
Wii,Wii Sports,2006,任天堂,スポーツ,リビングの革命。リモコンを振れば、そこはテニスコートでありボウリング場。ゲーム人口を一気に拡大した歴史的象徴。,
Wii,スーパーマリオギャラクシー,2007,任天堂,3Dアクション,重力を遊ぶ。球状の惑星を駆け巡る浮遊感と、オーケストラ音源の壮大さ。3Dマリオの到達点と称される宇宙の冒険。,
Wii,ゼノブレイド,2010,任天堂,RPG,巨神と機神、二つの骸の上で。見渡す限りの絶景と、未来視（ビジョン）を駆使したバトル。JRPGの復権を世界に知らしめた傑作。,
Wii,大乱闘スマッシュブラザーズX,2008,任天堂,対戦アクション,夢の共演、再び。ソニックやスネークの参戦、そして壮大なストーリーモード「亜空の使者」。ボリュームが限界突破したお祭りゲー。,
Wii,マリオカートWii,2008,任天堂,レース,ハンドルを握れ。バイクの導入とウィリー走行、そして最大12人のWi-Fi対戦。誰でも遊べる直感操作で爆発的に普及した。,
Wii,ゼルダの伝説 トワイライトプリンセス,2006,任天堂,アクションADV,光と影のハイラル。リモコンを振って剣を振るう没入感。狼となって駆けるダークな世界観は、Wiiのローンチを力強く牽引した。,
Wii,みんなのリズム天国,2011,任天堂,リズムアクション,ノリ感、それだけ。AボタンとBボタンだけで刻むビート。シュールな映像とキャッチーな曲が、ついつい体を動かしてしまう。,
Wii,New スーパーマリオブラザーズ Wii,2009,任天堂,アクション,4人でやれば、もっと楽しい（カオス）。協力するはずが邪魔し合い、阿鼻叫喚の渦に。2Dマリオの原点回帰にしてパーティゲーの定番。,
Wii,モンスターハンター3（トライ）,2009,カプコン,ハンティングアクション,海中への挑戦。水中戦という新たな狩りと、Wiiならではの直感的な操作。生態系の表現が深化した、新世代のモンハン。,
Wii,スーパーマリオギャラクシー2,2010,任天堂,3Dアクション,銀河はさらに広がる。ヨッシーの登場と、より洗練されたギミックの数々。前作を超えていくという任天堂の意地が詰まった続編。,
Wii,ゼルダの伝説 スカイウォードソード,2011,任天堂,アクションADV,剣と盾を、その手に。モーションプラスによる1:1の追従操作が、リンクとの一体感を生む。マスターソード誕生の、始まりの物語。,
Wii,ドンキーコング リターンズ,2010,任天堂,アクション,王者の帰還。SFC時代の面白さを現代に蘇らせた、骨太な難易度。シルエットステージの美しさは芸術の域。,
Wii,428 〜封鎖された渋谷で〜,2008,セガ,サウンドノベル,渋谷、10:00。複数の主人公の運命が複雑に絡み合う。実写画像とテキストが織りなす、ゲームでしか体験できない極上のサスペンス。,
Wii,朧村正,2009,マーベラス,和風アクションRPG,絵巻物が動く。ヴァニラウェアによる美麗な2Dグラフィックと、妖刀を集めて奥義を放つ爽快感。江戸元禄の世を斬り進む。,
Wii,Wii Fit,2007,任天堂,フィットネス,健康をゲームにする。バランスWiiボードに乗って、ヨガや筋トレ。体重管理をエンタメに変え、ヘルスメーターを過去のものにした。,
Wii,メトロイドプライム3 コラプション,2008,任天堂,FPSアドベンチャー,ポインター操作の革命。直感的なエイミングと、惑星探索の孤独感。Wiiリモコンがサムスのアームキャノンになる没入感。,
Wii,ラストストーリー,2011,任天堂,RPG,戦場に愛を。坂口博信が描く騎士たちのドラマ。アクションとコマンドが融合した「ギャザリング」システムが、乱戦をコントロールする快感を生む。,
Wii,おどる メイド イン ワリオ,2006,任天堂,瞬間アクション,「作法」を極めろ。リモコンをモヒカンや象の鼻に見立てるバカバカしさ。全身を使って遊ぶ、Wiiの機能をフル活用した宴会芸。,
Wii,パンドラの塔 君のもとへ帰るまで,2011,任天堂,アクションRPG,愛か、倫理か。呪われた少女に獣の肉を食べさせる背徳感。鎖を駆使したアクションと、制限時間の緊張感が胸を締め付ける。,
Wii,毛糸のカービィ,2010,任天堂,アクション,世界は毛糸でできている。吸い込みを捨て、毛糸を引っ掛けて進む。温かみのあるビジュアルと、優しい手触りの癒やしゲー。,
Wii,ファイアーエムブレム 暁の女神,2007,任天堂,シミュレーションRPG,女神の裁き。前作のその後を描く重厚な戦記。部隊が入り乱れる第三軍の存在や、高低差の概念が戦略をより深くした。,
Wii,バイオハザード4 Wii edition,2007,カプコン,サバイバルホラー,傑作の完全版。リモコンによる照準操作が驚くほど快適で、ヘッドショットの爽快感が倍増。「Wii版こそが至高」と語るファンも多い。,
Wii,ノーモア★ヒーローズ,2007,マーベラス,殺し屋アクション,ビーム・カタナを充電せよ。オタク殺し屋トラヴィスの、パンクで下品なランキング戦。Wiiリモコンを振ってトドメを刺す快感。,
Wii,大神（Wii移植版）,2009,カプコン,ネイチャーアドベンチャー,筆神、降臨。筆を走らせて奇跡を起こす「筆しらべ」と、Wiiリモコンの相性が抜群。日本画のような美しい世界を救う旅。,
Wii,タツノコ VS. CAPCOM CROSS GENERATION OF HEROES,2008,カプコン,対戦格闘,科学忍者隊、出動。予想外のコラボが生んだド派手なバトル。簡単操作で超必殺技が出る、Wiiならではのカジュアルな格ゲー。,
Wii,罪と罰 宇宙の後継者,2009,任天堂,アクションシューティング,トレジャーの弾幕美。画面を埋め尽くす敵弾を避け、撃ち返す。アーケードライクな高難易度と、熱い演出の連続。,
Wii,王様物語,2009,マーベラス,王様ライフRPG,国民を率いて世界征服。ピクミンのようで少し違う、ワラワラ感のある部隊指揮。絵本のような見た目に隠された、意外とシビアな国政運営。,
Wii,ソニック カラーズ,2010,セガ,アクション,色は力。エイリアン「ウィスプ」の力を借りて、超高速で駆け抜ける。2Dと3Dが融合したステージ構成が評価された、3Dソニックの良作。,
Wii,街へいこうよ どうぶつの森,2008,任天堂,コミュニケーション,Wiiスピークで会話しよう。街へ出かけるワクワク感と、変わらない村の日常。ボイスチャットを取り入れ、遠くの友達とも繋がった。,
Wii,零 月蝕の仮面,2008,任天堂,和風ホラー,光が照らす恐怖。Wiiリモコンを懐中電灯に見立てて廃病院を探索する。忍び寄る霊を撮影する緊張感が、直感操作でよりリアルに。,
Wii U,スプラトゥーン,2015,任天堂,対戦アクション,インクで塗ってナワバリを奪え。ヒトからイカへ変身するスタイリッシュなアクションは、任天堂の新しい顔となり、eスポーツの潮流を作った。,
Wii U,スーパーマリオメーカー,2015,任天堂,コンストラクション,遊ぶ時代から、作る時代へ。GamePadのタッチパネルで直感的にコース作成。世界中のプレイヤーが作った無限のコースに挑む、マリオの民主化。,
Wii U,マリオカート8,2014,任天堂,レース,反重力で壁を走る。HD画質で描かれる圧倒的に美しいコースと、ジャズ生演奏のBGM。後にSwitchで「デラックス」となり世界一売れるレースゲームの原型。,
Wii U,ゼノブレイドクロス,2015,任天堂,RPG,惑星ミラを探索せよ。ドール（ロボット）に変形して空を飛ぶシームレスなオープンワールド。マップの広大さと探索の自由度はWii U屈指。,
Wii U,大乱闘スマッシュブラザーズ for Wii U,2014,任天堂,対戦アクション,最大8人対戦の衝撃。GameCubeコン、3DS、なんでもコントローラーにして乱闘。グラフィックのHD化で、ファイターの表情まで鮮明になった。,
Wii U,ベヨネッタ2,2014,任天堂,クライマックス・アクション,美しき魔女、絶頂。任天堂が救い上げ実現した続編。タッチ操作でも遊べる間口の広さと、脳汁が出るようなド派手なコンボアクション。,
Wii U,スーパーマリオ 3Dワールド,2013,任天堂,3Dアクション,ネコマリオ登場。2Dマリオの手軽さと3Dの遊びを融合。最大4人で駆け回るコースは、賑やかで、そして後半は鬼のように難しい。,
Wii U,ピクミン3,2013,任天堂,AIアクション,3人の隊長と、果実を求めて。GamePadを手元のレーダーとして使い、部隊を切り替えて効率よく作業する「段取り」の楽しさが進化した。,
Wii U,ゼルダの伝説 ブレス オブ ザ ワイルド,2017,任天堂,アクションADV,当たり前を見直す。Wii U最後の超大作にして、Switchへの架け橋。広大なハイラルをどこから攻略してもいい自由度は、オープンワールドの歴史を変えた。,
Wii U,ドンキーコング トロピカルフリーズ,2014,任天堂,アクション,極寒の島で熱くなれ。ディクシーやクランキーも参戦。毛並みまで感じるHDグラフィックと、計算され尽くしたレベルデザインが光る高難易度アクション。,
Wii U,The Wonderful 101,2013,任天堂,ユナイト・アクション,100人のヒーローを合体させろ。プラチナゲームズらしい熱血展開と、画面に図形を描いて武器を変える「ユナイト・モーフ」の独創性。,
Wii U,進め! キノピオ隊長,2014,任天堂,箱庭パズル,回して、覗いて、発見して。ジャンプできない隊長を導く、ミニチュアのような箱庭世界。GamePadを傾けて視点を変えるギミックが楽しい。,
Wii U,ヨッシー ウールワールド,2015,任天堂,アクション,あみぐるみの優しい世界。すべてが毛糸でできたステージは、ほつれたり、結んだりするギミック満載。癒やしと歯ごたえが同居する名作。,
Wii U,ゼルダの伝説 風のタクト HD,2013,任天堂,アクションADV,猫目リンク、再び。トゥーンレンダリングがフルHDで鮮やかに蘇る。航海速度の改善など、遊びやすさを徹底的に磨き上げた良リメイク。,
Wii U,ゼルダの伝説 トワイライトプリンセス HD,2016,任天堂,アクションADV,黄昏をHDで。GamePadでのアイテム管理やジャイロ照準により、没入感が向上。ウルフリンクamiiboとの連動などファン向け要素も充実。,
Wii U,New スーパーマリオブラザーズ U,2012,任天堂,アクション,HDになったいつものマリオ。背景の描き込みや光の表現が進化。ムササビマリオで滑空する楽しさと、追加コンテンツ「ルイージU」の噛みごたえ。,
Wii U,レゴ シティ アンダーカバー,2013,任天堂,オープンワールド,レゴでできたGTA。広大なレゴシティを自由に探索し、変装能力を使って謎を解く。ユーモア満載のストーリーは子供から大人まで楽しめる。,
Wii U,Nintendo Land,2012,任天堂,パーティ,任天堂のテーマパーク。GamePadを持つ一人と、テレビを見るその他全員で戦う「非対称プレイ」が、リビングに新しい興奮をもたらした。,
Wii U,幻影異聞録♯FE,2015,任天堂,RPG,芸能界×ファイアーエムブレム。アトラスとFEの異色コラボ。J-POPに彩られた華やかなステージと、弱点を突いて追撃する爽快なバトル。,
Wii U,ペーパーマリオ カラースプラッシュ,2016,任天堂,アクションADV,色を取り戻せ。紙の質感にこだわったグラフィックと、ペンキで世界を塗る謎解き。ウィットに富んだセリフ回しはシリーズ屈指。,
Wii U,スターフォックス ゼロ,2016,任天堂,シューティング,二つの画面で狙い撃て。テレビで自機を見つつ、GamePadでコックピット視点を操作する。慣れが必要だが、エースパイロット気分を味わえる意欲作。,
Wii U,ポッ拳 POKKÉN TOURNAMENT,2015,ポケモン,対戦アクション,大人のポケモンバトル。鉄拳チームが贈る、リアルなポケモンの殴り合い。美しいグラフィックで描かれる技の応酬が熱い。,
Wii U,ZombiU (ゾンビU),2012,ユービーアイソフト,サバイバルホラー,死んだら別人。GamePadをリュックの中身整理やスキャナーとして使うリアルな操作感。ロンドンの地下で孤独なサバイバルを強いるローンチの異色作。,
Wii U,ゼルダ無双,2014,コーエーテクモゲームス,アクション,ハイラル、一騎当千。リンクやゼルダが敵の大群をなぎ倒す。無双シリーズの爽快感とゼルダの小気味よい効果音が見事にマッチしたコラボ作。,
Wii U,零 濡鴉ノ巫女,2014,任天堂,和風ホラー,GamePadが射影機になる。画面を霊に向けてシャッターを切る、これ以上ない没入感。水に濡れる表現が生々しい恐怖を演出する。,
Wii U,ファミコンリミックス1+2,2014,任天堂,アクション,名作をハックせよ。リンクでドンキーコングを倒す？ ファミコンの名場面を切り取り、新しいルールで遊ばせる、公式による贅沢なマッシュアップ。,
Wii U,モンスターハンター3（トライ）G HD Ver.,2012,カプコン,ハンティングアクション,高画質で狩りへ。3DS版とセーブデータを共有でき、家では大画面、外では携帯機というスタイルを確立。Wii U Proコンでの操作が極めて快適。,
Wii U,タッチ!カービィ スーパーレインボー,2015,任天堂,アクション,虹のラインで導いて。粘土細工のようなクレイアニメ風ビジュアル。タッチペン一本でカービィを転がす、直感的なタッチアクション。,
Wii U,アフォーダブル・スペース・アドベンチャー,2015,KNAPNok Games,パズルADV,GamePad活用の最高傑作。安物宇宙船の複雑な計器をタッチパネルで操作し、友人と声を掛け合って進む。インディー発の唯一無二の協力ゲー。,
Wii U,FAST Racing NEO,2015,Shin'en,レース,F-ZEROの渇きを癒やす。超高速の反重力レース。色を切り替えて加速床に乗る独特のシステムと、インディーとは思えない美麗なグラフィック。,
GB,ポケットモンスター 赤・緑,1996,任天堂,RPG,151匹の衝撃。交換し、対戦する。クラスの全員がトレーナーになったあの日。すべての伝説はここから始まった。,
GB,テトリス,1989,任天堂,パズル,ゲームボーイの代名詞。通信ケーブルで対戦するという発明。ロシア生まれのパズルが、世界中の携帯ゲーム機の普及を決定づけた。,
GB,スーパーマリオランド,1989,任天堂,アクション,宇宙人が出る、シューティングがある。本家とは少し違う不思議なマリオ。独特の浮遊感と中毒性のあるBGMが耳に残るローンチタイトル。,
GB,ゼルダの伝説 夢をみる島,1993,任天堂,アクションADV,島が夢を見るのか、夢が島を見るのか。切なすぎるストーリーと、携帯機とは思えない濃密な謎解き。ゼルダ史に残る異色の傑作。,
GB,ポケットモンスター 金・銀,1999,任天堂,RPG,カラーで広がる冒険。時間の概念、卵の発見、そしてカントー地方への帰還。続編として完璧なボリュームと驚きが詰まっている。,
GB,魔界塔士Sa・Ga,1989,スクウェア,RPG,「かみは バラバラになった」。武器に使用回数があり、肉を食べてモンスターに変身する。携帯機RPGの常識を覆した、尖りまくった一作。,
GB,スーパーマリオランド2 6つの金貨,1992,任天堂,アクション,ワリオ、デビュー。グラフィックが劇的に進化し、マリオが大きく見やすくなった。バニーマリオで空を漂う探索が楽しい。,
GB,ドラゴンクエストモンスターズ テリーのワンダーランド,1998,エニックス,RPG,配合の沼。ドラクエのモンスターを仲間にし、組み合わせて最強を作る。本家を超えるほど熱中した子供たちが続出した。,
GB,星のカービィ,1992,任天堂,アクション,吸って吐く、それだけ。コピー能力はまだないが、誰でもクリアできる優しさと、愛らしい動きは最初から完成していた。,
GB,聖剣伝説 〜ファイナルファンタジー外伝〜,1991,スクウェア,アクションRPG,想いは調べにのせて。アクションRPGとしての爽快感と、あまりに悲壮な物語。ラストシーンの余韻はGB屈指。,
GB,ドンキーコング,1994,任天堂,アクションパズル,見事な騙し討ち。アーケードの移植と思いきや、そこから始まる97面のパズルアクション。マリオのアクロバティックな動きの原点。,
GB,ワリオランド 盗まれた財宝,1994,任天堂,アクション,主役はオレ様。敵への体当たり、ブロックの破壊。マリオにはない「パワフルな悪」になりきる爽快感。,
GB,Sa・Ga2 秘宝伝説,1990,スクウェア,RPG,「いまのあんたが いちばんみにくいぜ」。連携システムやドラマチックな展開。サガシリーズの中で最もバランスが良く、最高傑作に推す声も多い。,
GB,ゼルダの伝説 ふしぎの木の実 大地の章/時空の章,2001,任天堂,アクションADV,カプコンとの共作。四季を操る「大地」と時間を操る「時空」。リンクシステムで物語が繋がる、GBC末期の超大作。,
GB,ポケットモンスター ピカチュウ,1998,任天堂,RPG,後ろをついてくる相棒。アニメの人気を受けて作られた、ピカチュウと旅ができる特別版。鳴き声がボイスになった感動。,
GB,星のカービィ2,1995,任天堂,アクション,3匹の仲間たち。陸海空を制するリック、カイン、クー。コピー能力と仲間を組み合わせる遊びが、ステージ攻略の幅を広げた。,
GB,カエルの為に鐘は鳴る,1992,任天堂,アクションRPG,カエルになっても負けないぞ。コミカルな脚本と、サクサク進む変身システム。「夢をみる島」のエンジンとなった隠れた名作。,
GB,ドクターマリオ,1990,任天堂,パズル,カプセルでウイルス退治。ファミコン版と遜色ない出来栄えで、いつでもどこでも連鎖の快感を味わえた。,
GB,メトロイドII RETURN OF SAMUS,1992,任天堂,アクション,メトロイド撲滅指令。モノクロの暗闇が演出する孤独と恐怖。GBながら広大な迷宮を探索する、シリーズの重要な転換点。,
GB,ドラゴンクエストIII そして伝説へ…,2000,エニックス,RPG,GBCの限界突破。モンスターメダルや隠しダンジョンなど、SFC版以上の要素を詰め込んだ奇跡の移植。アニメーションする戦闘も必見。,
GB,ポケモンカードGB,1998,任天堂,カードバトル,博士、ありがとう。現実では集めるのが大変なカードが手に入る喜び。CPUの思考も優秀で、カードゲームのデジタル化として完璧な出来。,
GB,レッドアリーマー MAKAIMURA GAIDEN,1990,カプコン,アクションRPG,魔物が主人公。壁に張り付き、空を飛ぶ。魔界村の敵役を操作し、成長させていくダークヒーロー的な面白さ。,
GB,マリオゴルフGB,1999,任天堂,スポーツRPG,ゴルフでレベル上げ。キャラを育成してストーリーを進めるRPGモードが秀逸。モバイルアダプタ対応の先駆けでもあった。,
GB,カードヒーロー,2000,任天堂,カードバトル,ルールはシンプル、読みは深く。前衛・後衛の概念と、マスターを倒すという明確な目的。知る人ぞ知る、任天堂製の本格対戦カードゲーム。,
GB,役満,1989,任天堂,テーブル,親父の暇つぶし。ローンチタイトルとして地味に売れ続けた麻雀ゲーム。GBの液晶が見にくいことが、逆に牌のリアルさを生んだ？,
GB,スーパーマリオブラザーズDX,2000,任天堂,アクション,あえて画面を狭く。FCの名作をGBCに完全移植しつつ、チャレンジモードやプリント機能を搭載した、マリオ30周年の豪華版。,
GB,ワリオランド2 盗まれた財宝,1998,任天堂,アクション,不死身のワリオ。ダメージを受けても死なず、潰れたり燃えたりしてギミックを解く。パズル要素が強まった意欲作。,
GB,星のカービィ キラキラきっず,1997,任天堂,パズル,星を挟んで消す。カービィのキャラを使った落ち物パズル。GB版はローカル対戦が熱く、可愛らしい見た目に反して実力勝負になる。,
GB,真・女神転生デビルチルドレン 黒の書/赤の書,2000,アトラス,RPG,悪魔の子。ポケモンブームの中で生まれたが、中身はしっかりメガテン。合体システムやダークな世界観は子供たちにトラウマと興奮を与えた。,
GB,ロックマンワールド,1991,カプコン,アクション,手のひらの死闘。FC版のボスをミックスして再構成。GBならではの狭い画面でも遊びやすく調整された、携帯機ロックマンの第一弾。,
GB,バイオニックコマンドー,1992,カプコン,アクション,ワイヤーアクションの極地。FC版「ヒットラーの復活」をベースにSF設定へ変更。GBとは思えない滑らかな動きと書き込まれた背景。,
GB,コロコロカービィ,2000,任天堂,アクション,本体ごと傾けろ。加速度センサーを内蔵し、GBを傾けてカービィを転がす。直感操作の走りであり、後のWiiリモコンなどへ繋がる系譜。,
GB,ウィザードリィ外伝 I 女王の受難,1991,アスキー,RPG,和製Wizの最高峰。本家へのリスペクトと、携帯機に特化した快適なUI。ハクスラの楽しみをいつでもどこでも。,
GB,Sa・Ga3 時空の覇者,1991,スクウェア,RPG,サガであってサガでない。レベル制の導入など賛否はあるが、時空を超える壮大なシナリオとBGMの良さは一級品。,
GB,メダロット2,1999,イマジニア,RPG,ロボットバトルRPGの完成形。パーツを組み替えて戦う戦略性と、メタビー・ロクショウのキャラ人気が爆発したシリーズ屈指の名作。,
GB,遊☆戯☆王デュエルモンスターズ4 最強決闘者戦記,2000,コナミ,カードバトル,神のカード、降臨。独自ルールではあったが、社会現象級のヒットを記録。3バージョン商法で子供たちの財布を直撃した。,
GB,サバイバルキッズ 孤島の冒険者,1999,コナミ,サバイバルADV,無人島生活。水や食料を確保し、アイテムを合成して生き延びる。自由度が高く、マルチエンディングで何度も遊べる隠れた名作。,
GB,モグラ〜ニャ,1996,任天堂,アクションパズル,掘って進んで顔を出して。地面の上と下を行き来して謎を解く。宮本茂プロデュースの、知る人ぞ知るパズルアクションの傑作。,
GB,ネメシス,1990,コナミ,シューティング,GBでもグラディウス。小さな画面でも自機を見失わない工夫と、名曲の数々。携帯機シューティングの金字塔。,
GB,牧場物語GB,1997,ビクター,シミュレーション,ポケットに牧場を。SFC版をベースに携帯機向けにアレンジ。寝る前に少しだけ畑の世話をする、そのルーチンが心地よい。,
GB,マリオテニスGB,2000,任天堂,スポーツRPG,育成テニス。ストーリーモードでキャラを育て、N64版に転送して戦う連動要素が画期的だった。,
GB,ゲームボーイウォーズ,1991,任天堂,戦略シミュレーション,レッドスター軍の進撃。思考時間は長いが、その分じっくり考えられる。詰め将棋的な面白さを持つ、携帯機のウォーシミュ。,
GB,平安京エイリアン,1990,メルダック,アクション,穴を掘って埋める。PCの名作をGBに移植。新モードの追加により、単純作業が戦略的なアクションへと進化した。,
GB,突撃!ポンコツタンク,1991,HAL研究所,アクション,戦車でGo。砲塔の旋回と車体の移動を操作し、広大なマップで敵と戦う。シンプルながら奥深い、隠れた良作。,
GB,カービィのピンボール,1993,任天堂,ピンボール,球になったカービィ。フリッパーで弾き、ボスを倒す。物理挙動の気持ちよさと、カービィの世界観が見事にマッチ。,
GB,ポケモンピンボール,1999,任天堂,ピンボール,振動カートリッジの重み。ゲットモードや進化モードを搭載し、ピンボールで図鑑を埋める。ブルブル震える演出が斬新だった。,
GB,ドラキュラ伝説II,1991,コナミ,アクション,ベルモンドの復讐。前作の反省を活かし、操作性やグラフィックが大幅向上。BGMのクオリティはGB作品の中でもトップクラス。,
GB,バトルトード,1991,メサイヤ,アクション,洋ゲーの逆襲。カエル離れしたハードなアクションと、バラエティ豊かなステージ。超高難易度だが、動かしていて楽しい。,
GB,メタルギア ゴーストバベル,2000,コナミ,ステルスアクション,「潜入」は2Dでも熱い。GBカラー専用で作られた、パラレルワールドのメタルギア。ストーリーの重厚さと無線の演出は本家譲り。,
GB,桃太郎電鉄Jr. 〜全国ラーメンめぐりの巻〜,1998,ハドソン,ボードゲーム,一人でも桃鉄。携帯機の手軽さと桃鉄の相性は抜群。タイトル通りラーメン要素が強化され、旅情感が増している。,
GB,ワリオランド3 不思議なオルゴール,2000,任天堂,アクション,リアクションの極み。不死身のワリオが、燃えて、凍って、太って謎を解く。昼夜の変化があり、探索の歯ごたえが増した探索アクションの傑作。,
GB,ロックマンワールド5,1994,カプコン,アクション,完全オリジナル。敵は宇宙からの侵略者スペース・ルーラーズ。チャージの代わりに放つ「ロックンアーム」が、マンネリを打破した。,
GB,スーパードンキーコングGB,1995,任天堂,アクション,白黒でもプリレンダ。SFCのグラフィックをGBに落とし込んだ技術的偉業。狭い画面でも遊びやすく調整された、もう一つのDK。,
GB,X（エックス）,1992,任天堂,3Dシューティング,ワイヤーフレームの宇宙。GBで3D空間を飛び回るという無茶を実現。後の『スターフォックス』へと繋がる、技術屋たちの意地。,
GB,ゲームボーイギャラリー,1997,任天堂,アクション,いま、むかし。ゲーム＆ウオッチの名作を、レトロな原作版と現代風のアレンジ版の両方で楽しめるお得な一本。,
GB,マリオのピクロス,1995,任天堂,パズル,削る快感。数字をヒントに絵を掘り出す。通勤通学の暇つぶしとして社会人層にも深く刺さった、中毒性の高いパズル。,
GB,ネメシスII,1991,コナミ,シューティング,GBシューティングの頂点。前作よりさらに洗練されたグラフィックとBGM。巨大戦艦を破壊するカタルシスは携帯機でも健在。,
GB,コントラ（魂斗羅）,1991,コナミ,アクション,男なら撃て。SFC版のような派手さはないが、単純明快なラン＆ガンアクションとして完成度が極めて高い。操作性の良さが光る。,
GB,ドラゴンクエストモンスターズ2 マルタのふしぎな鍵,2001,エニックス,RPG,世界はもっと広がる。モンスター数が大幅に増加し、異世界への冒険感が強化された。通信対戦のバランスも練り込まれている。,
GB,テトリスDX,1998,任天堂,パズル,完全版テトリス。カラー化に加え、セーブ機能や対戦モードが充実。操作感覚が非常に滑らかになり、永遠に遊べるツールとなった。,
GB,女神転生外伝 ラストバイブル,1992,アトラス,RPG,優しいメガテン。ファンタジー世界を舞台に、魔獣と交渉して仲間にする。本家よりもマイルドな雰囲気で、多くのRPGファンを魅了した。,
GB,忍者龍剣伝 摩天楼決戦,1991,テクモ,アクション,影の軍団。FC版の前日譚を描く。スピーディーな壁張り付きアクションと、ドラマチックな演出はGBでも健在。,
GB,ソーラーストライカー,1990,任天堂,シューティング,シンプル・イズ・ベスト。パワーアップして避けて撃つ。余計なシステムがない分、純粋なシューティングの腕前が試される初期の良作。,
GB,ダックテイルズ,1990,カプコン,アクション,杖で跳ねる。ディズニーアニメの世界観と、カプコンのアクション技術が融合。下突きジャンプの操作感が抜群に気持ちいい。,
GB,パロディウスだ!,1991,コナミ,シューティング,タコもペンギンも飛ぶ。パロディ満載のコミカルな世界観だが、難易度はしっかりゲーマー向け。自機が小さく見やすい。,
GB,QIX（クイックス）,1990,任天堂,パズル,線を引いて囲め。陣取りゲームの元祖。シンプルながら、敵の動きを読んでギリギリを攻めるスリルがたまらない。,
GB,アレイウェイ,1989,任天堂,アクション,崩す美学。マリオがパドルを操作するブロック崩し。GBローンチタイトルとして、そのシンプルなルールで万人に親しまれた。,
GB,F-1レース,1990,任天堂,レース,4人対戦の衝撃。通信アダプタを使えば4人で遊べるという、当時としては画期的なレースゲーム。カーブのSEが独特。,
GB,セレクション 選ばれし者,1989,ケムコ,RPG,迷宮の奥へ。GB初期の3DダンジョンRPG。独特の暗い雰囲気と、歯ごたえのある難易度が、携帯機の没入感とマッチした。,
GB,ONI 鬼忍降魔録,1990,バンプレスト,RPG,和風変身RPG。古き良き日本を舞台に妖怪と戦う。隠れた名作シリーズの第一作目で、和風独特の情緒がある。,
GB,怒りの要塞,1991,ジャレコ,アクション,相棒と潜入せよ。見下ろし型のアクションシューティング。女性通信兵との切り替えシステムがあり、GB版メタルギア的な面白さがある。,
GB,トリップワールド,1992,サンソフト,アクション,動く芸術品。主人公ヤコプが様々な姿に変身する。難易度は低めだが、書き込まれたドット絵と幻想的な世界観はGB屈指。,
GB,ウィザードリィ外伝II 古代皇帝の呪い,1992,アスキー,RPG,冒険者の墓場。携帯機で遊ぶハクスラの完成形。キャラメイクとアイテム収集の沼に、多くのプレイヤーが時間を溶かした。,
GB,ゲームボーイウォーズTURBO,1997,任天堂,シミュレーション,思考を加速せよ。初代のCPU思考時間を短縮し、新マップを追加。じっくり遊べる戦略シミュレーションの決定版。,
GB,川のぬし釣り3,1997,パック・イン・ビデオ,RPG,釣りは人生。RPG形式で物語を進めながら、伝説の魚を追う。魚とのバトルの緊張感と、自然の環境音が心地よい。,
GB,ゼルダの伝説 夢をみる島DX,1998,任天堂,アクションADV,色鮮やかな夢。GBC対応によりカラー化され、専用の「服のダンジョン」が追加。モノクロ版とはまた違う、鮮烈な印象を残す。,
GB,メダロット,1997,イマジニア,RPG,ロボトルの夜明け。パーツを破壊し合うシビアなシステムと、魅力的な世界観。後に続く大人気シリーズの原点。,
GB,ポケモンでパネポン,2000,任天堂,パズル,消して連鎖。SFCの名作パズル『パネルでポン』のポケモン版。ルールはそのままに、ポケモンの育成要素が加わってやり込み度が増した。,
GB,ボンバーマンGB3,1996,ハドソン,アクション,選べるボンバーマン。乗り物やキャラクターごとの特殊能力があり、対戦ツールとしての完成度が非常に高い。,
GB,ビートマニアGB,2000,コナミ,音楽,指先で刻むリズム。5つのボタン操作を十字キーとボタンに落とし込んだ。GBの音源で流れるテクノが意外なほどカッコいい。,
GB,遊☆戯☆王デュエルモンスターズIII 三聖戦神降臨,2000,コナミ,カードバトル,効果モンスター本格化。OCGルールに近づき、戦略性が増した。神のカードを巡る戦いが、当時の小学生を熱狂させた。,
GB,バルーンキッズ,1990,任天堂,アクション,アリスの空の旅。バルーンファイトの続編的扱いで、横スクロールアクションになった。風船を離して着地するアクションが新しい。,
GB,ドラキュラ伝説,1989,コナミ,アクション,初代の挑戦。動きが重く難易度は高いが、GB初期にゴシックホラーの雰囲気を再現しようとした意欲作。BGMはやはり最高。,
GB,魔界塔士Sa・Ga (復刻),1989,スクウェア,RPG,チェーンソーの伝説。「かみ」すらもバラバラにする衝撃。レベル制を廃止した成長システムなど、携帯機RPGの歴史を変えた一作。,
GB,ストリートファイターII,1995,カプコン,対戦格闘,無茶な移植、驚きの完成度。キャラは小さいが、必殺技もコンボもしっかり入る。GBでストIIが動くという事実が奇跡だった。,
GB,ポケットカメラ,1998,任天堂,ツール,世界を撮ろう。荒い画質が逆にアーティスティック。撮影した顔をゲームに取り込んで遊べる、任天堂らしい遊び心。,
GB,スーパーチャイニーズランド,1990,カルチャーブレーン,アクションRPG,カンフーアクション。パンチとキックで敵を倒し、お金を稼いで強くなる。軽快なBGMとテンポの良さが魅力。,
GB,カヴ・ノアール 交魔城伝説,1991,コナミ,ローグライク,死んで覚える。不思議のダンジョン以前のローグライク。夜と昼の概念があり、戦略的な行動が求められる隠れた名作。,
GB,ZAS（ザス）,1992,T&E SOFT,シューティング,技術のオーパーツ。背景の多重スクロールや滑らかな動きなど、GBのスペックを限界以上に引き出した伝説のシューティング。,
GB,アレサ,1990,やのまん,RPG,魔法の指輪。GBオリジナルの正統派RPGとして人気を博した。敵をカプセルに入れて倒す独自システムや、丁寧な作りが光る。,
GB,カービィのブロックボール,1995,任天堂,アクションパズル,壊して進め。ブロック崩しにカービィのコピー能力をプラス。ボス戦の戦略性もあり、単なるブロック崩しに留まらない。,
GB,クイックス・アドベンチャー,1999,任天堂,パズル,GBCのクイックス。ストーリーモードが追加され、宝探しのアドベンチャー要素が加わった豪華版。,
GB,爆転シュート ベイブレード,2001,ブロッコリー,アクション,ゴー・シュート！ 玩具のブームに合わせて登場。ベイの改造やシュートの強弱など、バトルの駆け引きをうまく再現していた。,
GB,ドラえもん 対決ひみつ道具!!,1991,エポック社,アクション,意外な名作。キャッチーなBGMと、ひみつ道具を駆使したしっかりしたアクション。キャラゲーと侮れない完成度。,
GB,平安京エイリアン,1990,メルダック,アクション,京を守れ。敵を穴に落として埋める。GB版で追加された新モードが非常に出来が良く、パズルアクションとして再評価された。,
GB,それゆけ!スピーディーゴンザレス,1993,サンソフト,アクション,隠れたソニック？ 海外アニメのキャラゲーだが、ソニックのような高速アクションが楽しめる。知る人ぞ知る良作。,
GB,ぬし釣りアドベンチャー カイトの冒険,2000,ビクター,アクションRPG,剣と釣り竿。アクションRPGとして敵と戦いつつ、釣りも極める。王道ファンタジーと釣りの融合が楽しい。,
GB,筋肉番付GB,1999,コナミ,スポーツ,跳び箱、ストラックアウト。人気テレビ番組のミニゲーム集。単純操作だがタイミングがシビアで、スコアアタックが熱い。,
GB,トラックス,1991,HAL研究所,シューティング,戦車で無双。砲塔を回しながら進むコミカルな戦車アクション。HAL研らしい丁寧な作りと、軽快な音楽。,
GB,ゴッドメディスン ファンタジー世界の誕生,1993,コナミ,RPG,心の旅。王道のストーリーと、GB後期らしい美しいグラフィック。隠れた名作RPGとして、今なお評価が高い。,
GBA,MOTHER3,2006,任天堂,RPG,「奇妙で、おもしろい。そして、せつない。」そのキャッチコピー通り、心の柔らかい場所を容赦なく締め付ける、愛と喪失の物語。,
GBA,ポケットモンスター エメラルド,2004,ポケモン/任天堂,RPG,陸と海の伝説が交差するホウエン地方の決定版。バトルフロンティアという終わらない挑戦状に、少年たちは熱狂した。,
GBA,黄金の太陽 失われし時代,2002,任天堂,RPG,携帯機の限界を超えた疑似3Dの召喚演出。前作の敵側視点で描かれる、世界を救うための「世界崩壊」の旅。,
GBA,リズム天国,2006,任天堂,リズムアクション,画面を見なくても遊べる、という衝撃。ノリと直感だけで構成された、純度100％のビートを刻む快感。,
GBA,メイド イン ワリオ,2003,任天堂,瞬間アクション,「最多・最短・最速」。5秒で終わるバカバカしいミニゲームの連打が、脳みそを溶かすような中毒性を生む。,
GBA,ゼルダの伝説 ふしぎのぼうし,2004,任天堂,アクションADV,小人になって見る世界は、葉っぱ一枚が屋根になる。カプコンとの合作が生んだ、緻密で愛らしいドット絵の箱庭。,
GBA,ファイアーエムブレム 烈火の剣,2003,任天堂,シミュレーションRPG,失うことの重さを知るSRPG。個性豊かなユニットたちの群像劇が、一手ごとの采配に血の通ったドラマを宿す。,
GBA,逆転裁判3,2004,カプコン,法廷バトル,成歩堂龍一の物語、その完結編。過去と現在が一本の線に繋がるとき、法廷はただの謎解き場からカタルシスの舞台へと変わる。,
GBA,メトロイド フュージョン,2003,任天堂,探索型アクション,寄生生物Xの恐怖。最強のパワードスーツを失い、追われる身となったサムスの、孤独で静謐なサバイバル。,
GBA,キャッスルヴァニア 暁月の円舞曲,2003,コナミ,探索型アクション,ドラキュラの魂を支配する「タクティカルソウル」システム。耽美なゴシックホラーと収集癖を刺激するやり込みの融合。,
GBA,星のカービィ 鏡の大迷宮,2004,任天堂,アクション,一本道ではない、迷路のような広大な世界。仲間を呼んで協力したり、気ままに別行動したり、自由な冒険がここにある。,
GBA,マリオ＆ルイージRPG,2003,任天堂,ブラザーアクションRPG,AボタンとBボタン、二人の呼吸を合わせる楽しさ。兄弟愛とコミカルな掛け合いが、王道RPGに新しい風を吹き込んだ。,
GBA,タクティクスオウガ外伝 The Knight of Lodis,2001,任天堂,シミュレーションRPG,覇道か、正義か。重厚なファンタジー戦記は携帯機でも健在。選択の重みが、プレイヤーの倫理観を静かに問いかける。,
GBA,ファイナルファンタジータクティクスアドバンス,2003,スクウェア,シミュレーションRPG,「世界を変える」ことへの代償。絵本のような温かいビジュアルの中に、現実逃避とその克服という鋭いテーマが潜む。,
GBA,ロックマンエグゼ3,2002,カプコン,データアクションRPG,ネットバトルの完成形。カードゲームの戦略性とアクションの爽快感が極まり、電脳世界の冒険は子供たちの日常そのものになった。,
GBA,ボクらの太陽,2003,コナミ,太陽アクションRPG,カートリッジに太陽光センサーを積むという狂気。リアルな太陽の下でしかチャージできない銃が、ゲームと現実の壁を壊す。,
GBA,トマトアドベンチャー,2002,任天堂,ギミックRPG,ギミックを解いて敵を倒す、おもちゃ箱のようなRPG。独特のポップな世界観は、後のマリオ＆ルイージRPGへと遺伝子が受け継がれた。,
GBA,スライムもりもりドラゴンクエスト 衝撃のしっぽ団,2003,スクウェア・エニックス,アクション,主人公は最弱モンスター、スライム。伸びて、背負って、投げ飛ばす。勇者はいなくても、このプニプニ感があれば世界は救える。,
GBA,ゲームボーイウォーズアドバンス1+2,2004,任天堂,戦略シミュレーション,見た目はポップ、中身は硬派。詰め将棋のような戦略性が求められる、携帯機におけるウォーシミュレーションの金字塔。,
GBA,くるくるくるりん,2001,任天堂,イライラ棒アクション,回る棒を壁にぶつけない、ただそれだけ。単純極まりないルールが、極限の集中力と達成感を生み出すローンチの名作。,
GBA,ワリオランドアドバンス ヨーキのお宝,2001,任天堂,アクション,不気味で、シュールで、最高に欲張り。奇妙なボーカル曲が流れる中、制限時間ギリギリで脱出するスリルは中毒になる。,
GBA,メトロイド ゼロミッション,2004,任天堂,探索型アクション,「始まり」の再構築。原作のリメイクにとどまらず、パワードスーツを脱いだサムスの無力さと、そこからの逆転劇を描く。,
GBA,ファイナルファンタジーVI アドバンス,2006,スクウェア・エニックス,RPG,魔導アーマーが雪原を行く哀愁。群像劇の最高峰が、追加要素と共に掌の中で蘇る。崩壊した世界で希望を探す旅。,
GBA,ロックマンゼロ3,2004,カプコン,2Dアクション,赤い英雄の物語、その最高傑作。極限まで洗練された操作性と、敵役の哲学すら胸を打つハードな世界観。,
GBA,黄金の太陽 開かれし封印,2001,任天堂,RPG,すべての始まりとなる前編。エナジーを使った謎解きと、画面を揺らす召喚魔法。王道ファンタジーの熱量が小さなカートリッジに詰まっている。,
GBA,スクリューブレイカー 轟振どりるれろ,2005,任天堂,ドリルアクション,カートリッジ自体が振動する。壁を砕き、敵を貫くドリルの回転が、プレイヤーの手のひらに直接響く快感。,
GBA,まわるメイドインワリオ,2004,任天堂,瞬間アクション,ゲーム機ごと回せ。ボタンを押すことすら忘れた身体感覚。水平線が傾く不思議な感覚と、バカバカしい笑いの融合。,
GBA,鉄腕アトム アトムハートの秘密,2003,セガ,アクション,職人集団トレジャーが手掛けた、手塚治虫ワールドへのラブレター。滑らかなアニメーションと爽快な打撃感は、キャラゲーの常識を覆した。,
GBA,オリエンタルブルー 青の天外,2003,任天堂,RPG,東洋の魔窟を往く。自由度の高いフリーシナリオと、独特の色彩感覚で描かれる和風ファンタジーの隠れた傑作。,
GBA,マジカルバケーション,2001,任天堂,RPG,ドット絵が織りなす魔法学校の休暇。美しくもどこか切ない精霊たちの世界で、クラスメイトを探す冒険。,
GBA,キングダム ハーツ チェイン オブ メモリーズ,2004,スクウェア・エニックス,アクションRPG,記憶は鎖のように繋がる。カードを使った独特のバトルシステムが、アクションと戦略の狭間で新しい遊び心地を生んだ。,
GBA,星のカービィ 夢の泉デラックス,2002,任天堂,アクション,ファミコンの名作が、鮮やかに生まれ変わる。コピー能力の楽しさを決定づけた原点であり、誰もが楽しめる優しさの結晶。,
GBA,スーパーマリオアドバンス2,2001,任天堂,アクション,マントを広げて空を飛ぶ、スーパーファミコンの王者が帰ってきた。どこでも遊べる『スーパーマリオワールド』という贅沢。,
GBA,スーパーマリオアドバンス3,2002,任天堂,アクション,パステルカラーの絵本の世界。泣き虫マリオを背負ったヨッシーのふんばりジャンプが、温かくも手ごわい冒険を支える。,
GBA,サモンナイト クラフトソード物語,2003,バンプレスト,武器創造RPG,自分で作った武器で戦う誇り。ハンマーで鉄を叩く音と、夜会話で深まるパートナーとの絆が、冒険の没入感を高める。,
GBA,F-ZERO クライマックス,2004,任天堂,レース,音速の彼方へ。コースコンストラクション機能を備え、GBA最後のF-ZEROとして限界ギリギリのスピード感を叩き出した。,
GBA,ソニックアドバンス2,2002,セガ,アクション,音速のハリネズミは、携帯機でも止まらない。流れる背景とトリックアクション、走り抜けること自体の快楽を追求した一作。,
GBA,逆転裁判,2001,カプコン,法廷バトル,「異議あり！」の声が携帯機に響く。ハッタリと論理で矛盾を暴く快感は、ここから伝説になった。,
GBA,逆転裁判2,2002,カプコン,法廷バトル,人の心が隠す秘密「サイコ・ロック」。追い詰められた検事との攻防、そして正義とは何かを問う、より重厚な法廷ドラマ。,
GBA,ドラゴンクエストモンスターズ キャラバンハート,2003,エニックス,RPG,馬車を連れて旅に出よう。キーファ少年と共に、モンスターだけでなく人間たちの力も借りて進む、旅情あふれる外伝。,
GBA,ユグドラ・ユニオン,2006,スティング,シミュレーションRPG,「我らが行く手に光あれ」。カードの数値が運命を決める。可愛らしい見た目に反した、シビアな戦略と戦争の非情さ。,
GBA,風のクロノア 〜夢見る帝国〜,2001,ナムコ,パズルアクション,夢の世界は、優しくて少し寂しい。敵を掴んで二段ジャンプする独特の浮遊感と、計算されたパズルの美しさ。,
GBA,伝説のスタフィー,2002,任天堂,マリンアクション,海は広いな、大きいな。テンカイから落ちてきた王子の、ゆるくて可愛い人助けの旅。水中の操作感が心地よい。,
GBA,ミスタードリラー2,2001,ナムコ,アクションパズル,掘って掘って掘りまくれ。酸素が尽きるか、ブロックに潰されるか。単純作業の中に潜む、極限の緊張感。,
GBA,チューチューロケット!,2001,セガ,パズル,矢印パネルでネズミを導け。画面中を埋め尽くすネズミとネコのカオスな鬼ごっこは、パズルの皮を被ったアクション。,
GBA,スーパーロボット大戦J,2005,バンプレスト,シミュレーションRPG,携帯機の枠を超えた、動く戦闘アニメーション。異なる世界観のロボットたちが交差する、熱血と鋼鉄のクロスオーバー。,
GBA,牧場物語 ミネラルタウンのなかまたち,2003,マーベラス,生活シミュレーション,ポケットの中の牧場生活。作物を育て、動物を世話し、恋をする。戦いのない日々の積み重ねが、心を穏やかに満たす。,
GBA,ロックマンエグゼ2,2001,カプコン,データアクションRPG,スタイルチェンジの実装。戦い方によってロックマンの姿と能力が変わる進化が、ネットバトルの戦略を一気に広げた。,
GBA,シャイニング・ソウルII,2003,セガ,アクションRPG,通信ケーブルを持ち寄って、ダンジョンへ潜る。ハック＆スラッシュの楽しみを子供たちに教えた、協力プレイの隠れた名作。,
DS,New スーパーマリオブラザーズ,2006,任天堂,アクション,原点にして頂点。巨大化するマリオ、壁キックの爽快感。誰もが知る横スクロールマリオを、現代の技術で最高に遊びやすくした怪物ソフト。,
DS,ポケットモンスター ハートゴールド・ソウルシルバー,2009,ポケモン/任天堂,RPG,金銀の完全版。連れ歩き機能で相棒への愛着が爆発。カントーへの帰還も含めた圧倒的なボリュームは、シリーズ最高傑作の呼び声が高い。,
DS,おいでよ どうぶつの森,2005,任天堂,コミュニケーション,携帯機で村を持ち歩く。いつでもどこでもスローライフ。すれちがい通信でボトルメールが届くワクワク感が、世界を繋げた。,
DS,ドラゴンクエストIX 星空の守り人,2009,スクウェア・エニックス,RPG,まさかの携帯機ナンバリング。すれちがい通信による「宝の地図」交換が社会現象に。マルチプレイで魔王に挑む、新しいドラクエの形。,
DS,マリオカートDS,2005,任天堂,レース,Wi-Fi対戦の幕開け。世界中の誰かとドリフトを競う。直ドリ（スネーキング）技術を巡る熱い攻防と、ミッションランのやりこみ。,
DS,リズム天国ゴールド,2008,任天堂,リズムアクション,弾いて刻め。タッチペンをスライドさせる操作が、楽器を演奏する感覚を生む。シュールな絵面と中毒性のあるビートに、日本中がノッた。,
DS,レイトン教授と不思議な町,2007,レベルファイブ,ナゾトキ・ファンタジー,ナゾ解明！ タッチペンで答えを書く心地よさと、大泉洋・堀北真希のボイス。映画のようなアニメーションが、謎解きを極上のエンタメに変えた。,
DS,逆転裁判4,2007,カプコン,法廷バトル,新章開廷。「みぬく」システムで証人の癖を見破る緊張感。賛否両論のストーリーも含め、世代交代の重みと新時代の法廷を描いた意欲作。,
DS,すばらしきこのせかい,2007,スクウェア・エニックス,アクションRPG,渋谷、死神のゲーム。2画面を同時に操作する斬新なバトルと、スタイリッシュなBGM。タッチパネルの可能性を極限まで引き出したカルト的名作。,
DS,ゴースト トリック,2010,カプコン,ミステリー,死から始まる一夜。モノにとりついて運命を変えるパズル要素と、鮮やかな伏線回収。巧みなシナリオとアニメーションが心を揺さぶる。,
DS,世界樹の迷宮,2007,アトラス,3DダンジョンRPG,地図は自分で描くもの。タッチペンでマッピングする快感と、F.O.Eの恐怖。古き良きダンジョンRPGを現代に蘇らせた、高難易度の冒険。,
DS,真・女神転生 STRANGE JOURNEY,2009,アトラス,RPG,南極のシュバルツバース。SFと神話が融合した極限のサバイバル。大人向けに特化した重厚なストーリーと、スタンスによる分岐。,
DS,ラブプラス,2009,コナミ,コミュニケーション,国民的カノジョ。リアルタイム連動で彼女と過ごす日常。旅行に行き、キスをする。画面の向こうに「居る」感覚が、多くの男たちの現実を壊した。,
DS,極限脱出 9時間9人9の扉,2009,チュンソフト,サスペンスADV,命をかけた脱出ゲーム。デジタル数字のトリックと、プレイヤー自身を巻き込むメタフィクション。DSというハードの特性をシナリオに組み込んだ衝撃作。,
DS,悪魔城ドラキュラ 奪われた刻印,2008,コナミ,探索型アクション,グリフを刻め。魔力を吸い取って戦うシステムと、女性主人公シャノアの美しさ。DSドラキュラ三部作の中でも特に難易度が高く、硬派な一本。,
DS,タッチ!カービィ,2005,任天堂,アクション,虹のラインで導く。カービィはボールになり、タッチペン一本で操作する。絵画のようなビジュアルと、直感操作の新しさが融合した名作。,
DS,ゼルダの伝説 夢幻の砂時計,2007,任天堂,アクションADV,タッチペンが剣になる。ブーメランの軌道を描き、海図にメモを書き込む。DSの機能をフル活用した、風のタクトの正統続編。,
DS,マリオ&ルイージRPG3!!!,2009,任天堂,ブラザーアクションRPG,クッパの体内へ。マリオ兄弟とクッパ、2画面で連動するアクション。巨大化バトルの迫力と、コミカルな掛け合いが最高に楽しい。,
DS,ジャンプアルティメットスターズ,2006,任天堂,対戦アクション,コマで戦うマンガの祭典。前作からキャラが大幅増。タッチパネルでコマを切り替えるサポートシステムが、ドリームマッチを加速させる。,
DS,押忍!闘え!応援団,2005,任天堂,リズムアクション,魂で押せ。タッチマーカーを叩いて、困っている人を応援する。バカバカしくも熱いストーリーと、J-POPのヒット曲が涙腺と闘争本能を刺激する。,
DS,ラジアントヒストリア,2010,アトラス,RPG,歴史を書き換える。並行世界を行き来して悲劇を回避するタイムトラベルもの。戦略的なグリッドバトルと、王道かつ重厚なシナリオ。,
DS,ポケットモンスター ブラック・ホワイト,2010,ポケモン/任天堂,RPG,イッシュ地方の変革。150匹以上の新ポケモンのみで始まる冒険。白と黒、理想と真実を問うストーリーはシリーズ屈指のシリアスさ。,
DS,クロノ・トリガー (DS版),2008,スクウェア・エニックス,RPG,伝説の決定版。追加ダンジョンとエンディング、そしてSFC版に近い操作モード。ロード時間も皆無で、歴史的名作を遊ぶならこれがベスト。,
DS,ドラゴンクエストV 天空の花嫁 (DS版),2008,スクウェア・エニックス,RPG,嫁選び、再び。3Dグラフィックでのリメイク。デボラという第3の花嫁候補の登場が、ファンの間で新たな論争と楽しみを生んだ。,
DS,メテオス,2005,バンダイ,パズル,打ち上げろ。ブロックを揃えて宇宙へ飛ばす爽快感。桜井政博プロデュースによる、スピード感と戦略性が融合した落ち物パズルの革命児。,
DS,立体ピクロス,2009,任天堂,パズル,削って現れる形。数字をヒントにブロックを壊す彫刻のようなパズル。平面にはない「奥行き」の推理が、脳を心地よく刺激する。,
DS,大合奏!バンドブラザーズDX,2008,任天堂,音楽ツール,鼻歌で作曲。100曲保存できる大容量と、ダウンロード機能。素人でも曲が作れるツールとしての完成度が高く、オフ会も盛り上がった。,
DS,さわるメイドインワリオ,2004,任天堂,瞬間アクション,直感の極み。切る、擦る、つつく。DSの機能を数秒のミニゲームに凝縮した、ローンチにしてタッチ操作の教科書。,
DS,ファイナルファンタジーIV (DS版),2007,スクウェア・エニックス,RPG,鬼畜難易度の愛。3Dリメイクと共に敵の強さが跳ね上がった。アビリティ継承システム「デカント」が、周回プレイの戦略を熱くする。,
DS,イナズマイレブン,2008,レベルファイブ,収集・育成サッカー,超次元サッカー。タッチペンでパスを引き、必殺技でゴールを割る。アニメと共に小学生を熱狂させた、熱血スポ根RPG。,
DS,ウィッシュルーム 天使の記憶,2007,任天堂,アドベンチャー,ハードボイルドな夜。鉛筆画のような独特のビジュアルと、DSを縦に持って本のように遊ぶスタイル。大人のためのミステリー。,
DS,ルーンファクトリー3,2009,マーベラス,ファンタジー生活,冒険と恋愛と農業。モンスターに変身する主人公と、個性的なヒロインたち。シリーズ最高傑作とも評される、システムの完成度と快適さ。,
DS,Solatorobo それからCODAへ,2010,バンダイナムコ,アクションRPG,ケモノとロボ。構想10年、圧倒的な作り込みの世界観。ロボットから降りて戦うアクションと、犬ヒト・猫ヒトたちの温かい物語。,
DS,無限航路,2009,セガ,SF RPG,宇宙戦艦を指揮せよ。数百種類の戦艦をカスタマイズし、艦隊戦を行う。大ボリュームのスペースオペラは、SFファンの夢そのもの。,
DS,テトリスDS,2006,任天堂,パズル,任天堂オールスター。マリオやゼルダの画面でテトリスを遊ぶ。最大10人のWi-Fi対戦や、タッチ操作を使った新モードなど、パーティ感満載。,
DS,スーパープリンセスピーチ,2005,任天堂,アクション,主役は姫。「喜怒哀楽」の感情パワーを使って謎を解く。さらわれたマリオを助けに行くという逆転の発想と、丁寧な作りが光る良作。,
DS,ドラゴンクエストモンスターズ ジョーカー,2006,スクウェア・エニックス,RPG,3Dでスカウト。モンスターが可視化され、迫力の3Dバトルへ。スキル制の導入により、育成の自由度が飛躍的に向上した。,
DS,星のカービィ ウルトラスーパーデラックス,2008,任天堂,アクション,名作の超強化。SFC版のフルリメイクに加え、新モードや高難易度ボスを追加。「真・格闘王への道」はシリーズ屈指の歯ごたえ。,
DS,キングダム ハーツ 358/2 Days,2009,スクウェア・エニックス,アクションRPG,ロクサスの夏。XIII機関の日常と任務を描く。マルチプレイでの協力任務や、切なすぎる結末がファンの心を締め付けた。,
DS,逆転検事2,2011,カプコン,推理アドベンチャー,親子の絆。御剣怜侍となり、ロジックチェスで証言を崩す。前作以上の重厚なシナリオと、完璧な伏線回収はシリーズ最高傑作との声も。,
DS,スライムもりもりドラゴンクエスト2 大戦車としっぽ団,2005,スクウェア・エニックス,アクション,戦車でドン。スライムが戦車をカスタマイズして撃ち合う。勇者はいなくても、スライムだけでこんなに面白い。,
DS,ソーマブリンガー,2008,任天堂,アクションRPG,携帯機でハクスラ。ゼノブレイドのモノリスソフトが贈る、見下ろし型アクション。装備集めの楽しさと、光田康典の音楽が冒険を彩る。,
DS,セブンスドラゴン,2009,セガ,RPG,竜に支配された星。ちびキャラたちが絶望的な戦力差のドラゴンに挑む。フロワロの花を踏みしめて進む、可愛らしくも過酷な戦い。,
DS,ノーラと刻の工房 霧の森の魔女,2011,アトラス,RPG,刻を操るアトリエ。物質の時間を戻したり進めたりしてアイテムを作る。アトラス×世界樹スタッフが贈る、優しい雰囲気の隠れた名作。,
DS,高速カードバトル カードヒーロー,2007,任天堂,カードバトル,スピード決着。GBの名作をリファインし、よりテンポよく、より戦略的に。リアルタイムでカードが進化する駆け引きが熱い。,
DS,ぷよぷよ! 15th Anniversary,2006,セガ,パズル,記念碑的お祭り。初代からフィーバーまで、多彩なルールを収録。最大8人の通信対戦が可能で、ぷよぷよの決定版として長く愛された。,
DS,ファミコンウォーズDS,2005,任天堂,ウォーシミュレーション,2画面で戦争。ショーグンブレイクを使いこなし、陸空の部隊を指揮する。ポップな見た目に反して、極めて硬派な戦略が必要とされる。,
DS,Nintendogs,2005,任天堂,コミュニケーション,子犬と暮らす。マイクで名前を呼び、タッチペンで撫でる。ゲーム画面を越えて「そこにいる」と感じさせる、バーチャルペットの革命。,
DS,脳を鍛える大人のDSトレーニング,2005,任天堂,脳トレ,脳年齢はおいくつ？ 毎日の計算と音読。ゲームをしない大人たちにDSを買わせ、社会現象を巻き起こしたモンスターソフト。,
DS,ポケットモンスター プラチナ,2008,ポケモン/任天堂,RPG,破れた世界。ギラティナの影が覆うシンオウ地方の決定版。バトルフロンティアの追加やテンポの改善など、完成度が極めて高い。,
DS,ドラゴンクエストVI 幻の大地,2010,スクウェア・エニックス,RPG,二つの世界、自分探しの旅。SFC版から大幅に遊びやすくなり、仲間会話システムでテリーやハッサンの意外な一面が見える。,
DS,レイトン教授と最後の時間旅行,2008,レベルファイブ,ナゾトキ・ファンタジー,ナゾトキの集大成。未来のロンドンで待ち受ける悲しい真実。シリーズ最高傑作との呼び声も高く、エンディングは涙なしに見られない。,
DS,悪魔城ドラキュラ 蒼月の十字架,2005,コナミ,探索型アクション,魔封陣を描け。敵の能力をコピーする「タクティカルソウル」が進化。アニメ調のキャラデザに一新されたが、中身は硬派なドラキュラ。,
DS,真・女神転生 デビルサバイバー,2009,アトラス,シミュレーションRPG,東京封鎖。悪魔使いとなって極限状態の東京を生き抜く。RPGとSRPGのハイブリッドな戦闘と、選択肢で変わる運命。,
DS,スーパーマリオ64DS,2004,任天堂,3Dアクション,4人で冒険。ヨッシー、ルイージ、ワリオが参戦し、それぞれの能力で攻略。タッチパネルを使ったミニゲーム集も熱い。,
DS,ゼルダの伝説 大地の汽笛,2009,任天堂,アクションADV,線路は続くよ。汽車を走らせてハイラルを旅する。ファントムに憑依したゼルダ姫との協力プレイが、パズルの幅を広げた。,
DS,世界樹の迷宮III 星海の来訪者,2010,アトラス,3DダンジョンRPG,海へ。シリーズで初めて「海」の探索を導入。サブクラスシステムによりパーティ構築の自由度が爆発的に増した名作。,
DS,トモダチコレクション,2009,任天堂,コミュニケーション,似てて笑える。身近な人や芸能人のMiiを作り、マンションで観察する。シュールな人間関係と合成音声のセリフが腹筋を崩壊させる。,
DS,ポケモン不思議のダンジョン 空の探検隊,2009,ポケモン/任天堂,ローグライクRPG,君はポケモンになった。時・闇の完全版であり、追加シナリオの評価が非常に高い。本家ポケモン以上に泣けるストーリーとして有名。,
DS,わがままファッション ガールズモード,2008,任天堂,ファッションSLG,店長、コーデお願いします。単なる着せ替えではなく、仕入れや経営も行う本格派。膨大なアイテム数と、客の好みを読む接客の楽しさ。,
DS,ラストウィンドウ 真夜中の約束,2010,任天堂,アドベンチャー,カイル・ハイド再び。『ウィッシュルーム』の続編。大人の渋さが漂うハードボイルドな雰囲気と、小説を読み進めるような没入感。,
DS,アナザーコード 2つの記憶,2005,任天堂,アドベンチャー,触れる記憶。DSの上下画面を「鏡」に見立てるなど、ハードのギミックを物語に組み込んだCINGのデビュー作。,
DS,超執刀 カドゥケウス,2005,アトラス,手術アクション,メス！ タッチペンを手術道具に見立てて患者を救う。SF的なストーリーと「超執刀（ヒーリングタッチ）」の爽快感が新しい。,
DS,燃えろ!熱血リズム魂 押忍!闘え!応援団2,2007,任天堂,リズムアクション,ライバル登場。気高い応援団との対決構造になり、熱さが倍増。選曲のセンスも良く、最後は地球規模の応援になる。,
DS,メタルマックス3,2010,角川ゲームス,RPG,戦車と犬と人間のRPG、復活。17年ぶりのナンバリング。ドラム缶を押すシュールさと、クルマを改造して賞金首を狩る自由度が帰ってきた。,
DS,サガ2秘宝伝説 GODDESS OF DESTINY,2009,スクウェア・エニックス,RPG,連携する運命。GBの名作をフル3Dリメイク。「運命の糸」システムや連携要素が加わり、より戦略的かつドラマチックに進化した。,
DS,黄金の太陽 漆黒なる夜明け,2010,任天堂,RPG,エナジーよ輝け。GBA版の30年後を描く。タッチペンを使った謎解きと、召喚獣のド派手な3D演出が冒険を盛り上げる。,
DS,ロックマンゼクス,2006,カプコン,アクション,ライブメタル・オン。ゼロシリーズの系譜を継ぐ、オープンワールド探索型アクション。変身能力を使い分けて進む楽しさ。,
DS,流星のロックマン,2006,カプコン,ブラザーアクションRPG,電波変換！ エグゼの後継作。3Dになったバトルフィールドと、空を見上げて電波を探す現実とのリンク感が少年心をくすぐる。,
DS,マリオvs.ドンキーコング2 ミニミニ大行進!,2007,任天堂,アクションパズル,おもちゃを導け。タッチペンでミニマリオを誘導する、レミングス風パズル。自作ステージをWi-Fiで投稿できる機能も先駆的だった。,
DS,ヨッシーアイランドDS,2007,任天堂,アクション,赤ちゃん、増える。マリオだけでなく、ピーチやDK、ワリオまで背負って進む。キャラごとの能力を使い分けるギミックが豊富。,
DS,無限のフロンティア スーパーロボット大戦OGサーガ,2008,バンダイナムコ,RPG,揺れるRPG。格闘ゲームのようなコンボ入力で敵を空中に縛り付ける爽快感。キャラの掛け合い（と露出）が非常に濃い。,
DS,ナナシ ノ ゲエム,2008,スクウェア・エニックス,ホラー,一週間で死ぬ。DSを縦に持ち、左右の画面を視界に見立てる恐怖演出。3D音響で耳元に迫る霊の気配がトラウマ級。,
DS,おさわり探偵 小沢里奈,2006,サクセス,アドベンチャー,んふんふ。独特のシュールな世界観と、タッチペンで怪しい場所を触って調査する探偵モノ。助手のなめこがここからブレイクした。,
DS,ときめきメモリアル Girl's Side 2nd Season,2008,コナミ,恋愛シミュレーション,事故チューから始まる恋。タッチペンでのスキンシップ機能が乙女たちの理性を飛ばした。キャラの魅力とシステムの完成度はシリーズ随一。,
DS,ドラゴンクエストモンスターズ ジョーカー2,2010,スクウェア・エニックス,RPG,巨大モンスター、襲来。3枠を使う超巨大モンスターが登場。スカウトシステムが洗練され、対戦環境も大いに盛り上がった。,
DS,イナズマイレブン2 脅威の侵略者 ファイア/ブリザード,2009,レベルファイブ,収集・育成サッカー,宇宙人が攻めてきた。日本中を旅して仲間を集める。キャラ数が大幅に増え、必殺技もより派手に進化したシリーズ絶頂期。,
DS,大神伝 〜小さき太陽〜,2010,カプコン,アクションADV,チビテラス、参上。筆しらべアクションをタッチペンで再現。親から子へ受け継がれる「大神」の優しい世界。,
DS,シグマ ハーモニクス,2008,スクウェア・エニックス,ミステリーRPG,過去を書き換え、推理せよ。RPGの戦闘と推理ADVが融合。素晴らしいBGMと、昭和モダンな世界観が光る隠れた名作。,
DS,アバロンコード,2008,マーベラス,アクションRPG,預言書を書き換えろ。敵やアイテムのデータを書き換えて弱体化させる斬新なシステム。自分だけの武器や世界を作る楽しみがある。,
DS,だれでもアソビ大全,2005,任天堂,テーブル,トランプからボウリングまで。世界中の定番ゲームを42種類収録。ダウンロードプレイでソフト一本あれば全員で遊べる、接待の必需品。,
DS,ピクロスDS,2007,任天堂,パズル,基本にして至高。タッチペン操作とピクロスの相性は抜群。間違えるとペナルティがあるクラシックモードなど、初心者から上級者まで楽しめる。,
DS,ぷよぷよ7,2009,セガ,パズル,だいへんしん！ ぷよが小さくなったり大きくなったりするモードを搭載。学校の教室で遊ぶような、ポップで明るい雰囲気のぷよぷよ。,
DS,スーパーカセキホリダー,2010,任天堂,RPG,掘って、削って、蘇る。恐竜の化石をタッチペンでクリーニングする作業がとにかく楽しい。進化したバトルと、少年漫画のような熱い展開。,
DS,カルドセプトDS,2008,セガ,ボードゲーム,土地を奪え、魔力を込めろ。ボードゲームとカードゲームの融合。通信対戦のテンポが改善され、携帯機でじっくり遊ぶのに最適な一本。,
DS,逆転裁判3 (DS移植版),2007,カプコン,法廷バトル,成歩堂三部作、完結。過去と現在が交錯し、すべての伏線が回収されるカタルシス。GBA版の移植だが、名作をDSで遊ぶ意義は大きい。,
DS,ファイナルファンタジーXII レヴァナント・ウイング,2007,スクウェア・エニックス,RPG,空賊たちの新たな翼。ヴァンとパンネロのその後を描くRTS（リアルタイムストラテジー）。タッチペンで部隊を指揮するわちゃわちゃ感が楽しい。,
DS,ルーンファクトリー2,2008,マーベラス,ファンタジー生活,親から子へ。第一部で結婚し、第二部でその子供が主人公になる二部構成。学校を作ったり、より深まった人間ドラマが魅力。,
DS,太鼓の達人DS ドロロン!ヨーカイ大決戦!!,2010,バンダイナムコ,リズムアクション,冒険しながらドン！ RPGモードを搭載し、各地の道場で演奏バトル。タッチパネルの太鼓を叩く操作も意外と違和感がない。,
DS,悪魔城ドラキュラ ギャラリー オブ ラビリンス,2006,コナミ,探索型アクション,二人で迷宮へ。ジョナサンとシャーロット、二人を切り替えて進む。絵画の中に入るという設定で、多彩なステージバリエーションを実現。,
DS,レイトン教授と悪魔の箱,2007,レベルファイブ,ナゾトキ・ファンタジー,開けたら死ぬ箱。豪華客車モレントリー急行の旅情。映画級のアニメーションと、切ないストーリーテリングはこの頃から健在。,
DS,ドラゴンクエストIV 導かれし者たち,2007,スクウェア・エニックス,RPG,ピサロが仲間に。PS版をベースにしたリメイク。章立てのオムニバス形式は携帯機との相性が良く、テンポよく遊べる。,
DS,ファイナルファンタジーIII,2006,スクウェア・エニックス,RPG,タマネギ剣士は卒業。シリーズ最後の未移植作がついに3Dリメイク。ジョブごとの個性的な見た目と、通信機能を使った「手紙」システム。,
DS,牧場物語 キミと育つ島,2007,マーベラス,シミュレーション,無人島を開拓せよ。タッチペン操作に特化した意欲作。天候システムや鮮度管理など、少しシビアだがやりがいのある牧場生活。,
DS,テイルズ オブ イノセンス,2007,バンダイナムコ,RPG,前世の絆。DSでフル3Dバトルとボイスを実現。個性的なキャラクターたちの掛け合い（スキット）は携帯機でも大ボリューム。,
DS,ジャンプスーパースターズ,2005,任天堂,対戦アクション,マンガで戦え。コマを配置してデッキを組む楽しさ。続編のアルティメットよりキャラ数は少ないが、こちらのシステムを好むファンも多い。,
DS,怪盗ワリオ・ザ・セブン,2007,任天堂,アクション,変装はお手の物。タッチペンでワリオに絵を描くと変身する。探索とアクション、そしてワリオらしい下品なユーモア。,
DS,デジモンストーリー ロストエボリューション,2010,バンダイナムコ,RPG,進化を取り戻せ。進化ツリーを修復していくシステムが楽しい。ドット絵のクオリティが高く、デジモン育成RPGとしての完成度が高い。,
DS,スパロボ学園,2009,バンダイナムコ,シミュレーション,ロボット対戦シミュレーター。スパロボの戦闘部分に特化した対戦ゲーム。ストーリーは軽めだが、ユニットのカスタマイズと読み合いが熱い。,
3DS,とびだせ どうぶつの森,2012,任天堂,コミュニケーション,村長になろう。公共事業で村を作り、南の島で遊ぶ。すれちがい通信で他人の家を見るのが日課になる、終わらないスローライフ。,
3DS,スーパーマリオ 3Dランド,2011,任天堂,3Dアクション,飛び出すマリオ。2Dマリオの感覚で遊べる3Dマリオ。裸眼立体視の奥行きが、距離感をつかむ助けになる「3Dである意味」を証明した一本。,
3DS,マリオカート7,2011,任天堂,レース,空へ、海へ。グライダーで空を飛び、スクリューで海を潜る。フレームレート60fpsの滑らかさと、立体視の没入感がレースの迫力を変えた。,
3DS,ファイアーエムブレム 覚醒,2012,任天堂,シミュレーションRPG,シリーズ中興の祖。キャラへの愛が戦術になる「デュアル」システム。結婚し、子供が未来から来るドラマチックな展開が新規層を爆発的に増やした。,
3DS,モンスターハンター4G,2014,カプコン,ハンティングアクション,立体機動狩猟。段差を利用したジャンプ攻撃や「乗り」状態の導入。高低差のあるマップが狩りの概念を変えた、3DSモンハンの完成形。,
3DS,ゼルダの伝説 神々のトライフォース2,2013,任天堂,アクションADV,壁画になる魔法。SFCの名作と同じハイラルを舞台に、壁に入って移動する新ギミックを搭載。2Dゼルダの正統進化にして最高傑作。,
3DS,大乱闘スマッシュブラザーズ for Nintendo 3DS,2014,任天堂,対戦アクション,携帯機でスマブラ。このクオリティで4人対戦がヌルヌル動く衝撃。「フィールドスマッシュ」など、携帯機ならではの遊びも充実。,
3DS,ドラゴンクエストXI 過ぎ去りし時を求めて (3DS版),2017,スクウェア・エニックス,RPG,懐かしさと新しさ。上画面は3D、下画面はドット絵の2D。二つのモードを切り替えて遊べる、ドラクエ愛に溢れた奇跡の仕様。,
3DS,ブレイブリーデフォルト フライングフェアリー,2012,スクウェア・エニックス,RPG,王道への回帰。クリスタル、ジョブ、そして「ブレイブ＆デフォルト」の戦略バトル。古き良きFFの遺伝子を継いだ、大人のためのRPG。,
3DS,新・光神話 パルテナの鏡,2012,任天堂,アクションシューティング,神々の漫才。桜井政博が手掛けた、超高速の空中戦と地上戦。個性豊かな神器のハクスラ要素と、絶え間ないキャラの掛け合いが楽しい。,
3DS,ポケットモンスター X・Y,2013,ポケモン/任天堂,RPG,メガシンカの衝撃。シリーズ初のフル3D化で、ポケモンたちの動きがダイナミックに。フェアリータイプの追加で対戦環境も激変した。,
3DS,妖怪ウォッチ2 元祖/本家/真打,2014,レベルファイブ,RPG,妖怪のせいなのね。社会現象となったシリーズの頂点。過去へタイムスリップする壮大な物語と、バスターズなどの遊びが子供たちを熱狂させた。,
3DS,ルイージマンション2,2013,任天堂,アクションADV,オバキューム、再起動。複数のマンションを探索し、個性豊かなオバケを吸い込む。ルイージのコミカルなビビリ動作が3D映像で映える。,
3DS,真・女神転生IV,2013,アトラス,RPG,神と悪魔と東京と。荒廃した世界と、中世ファンタジーのような東のミカド国。プレスターンバトルの緊張感と、悪魔合体の深淵。,
3DS,星のカービィ ロボボプラネット,2016,任天堂,アクション,機械化されたポップスター。ロボットに乗って敵をスキャンし、豪快に破壊する。ギミック、演出、BGM、全てにおいてシリーズ屈指の完成度。,
3DS,トモダチコレクション 新生活,2013,任天堂,コミュニケーション,人間観察バラエティ。Miiたちが結婚したり、子供が生まれたり。悩みを聞いて解決する、奇妙で温かい箱庭生活。,
3DS,ゼルダの伝説 時のオカリナ 3D,2011,任天堂,アクションADV,伝説のリマスター。タッチパネルでのアイテム切り替えや、ジャイロ照準により操作性が劇的に向上。名作を遊ぶならこのバージョン。,
3DS,モンスターハンターダブルクロス,2017,カプコン,ハンティングアクション,狩技×狩猟スタイル。ド派手な必殺技と、自分好みのスタイルを組み合わせる。過去作の村やモンスターも復活した、お祭り的集大成。,
3DS,リズム天国 ザ・ベスト+,2015,任天堂,リズムアクション,リズムの集大成。過去作からの選りすぐりと新作を合わせ、100種類以上のゲームを収録。ストーリーモードもあり、ボリュームはシリーズ最大。,
3DS,ペルソナQ シャドウ オブ ザ ラビリンス,2014,アトラス,3DダンジョンRPG,お祭り迷宮。ペルソナ3と4のキャラが共演し、世界樹の迷宮システムで冒険する。デフォルメされたキャラの掛け合いがファンにはたまらない。,
3DS,ファンタジーライフ LINK!,2013,レベルファイブ,ライフRPG,マイスターの生活。兵士として戦うもよし、木こりや料理人として生きるもよし。自分だけのファンタジー生活を楽しめる、癒やしのRPG。,
3DS,ルーンファクトリー4,2012,マーベラス,ファンタジー生活,冒険して、恋して、畑を耕す。シリーズの決定版。王子（姫）となって国を発展させる楽しみと、快適なシステムで中毒者が続出した。,
3DS,世界樹の迷宮IV 伝承の巨神,2012,アトラス,3DダンジョンRPG,気球に乗って。シリーズで最も遊びやすく、バランスが良い。FOEの動きが視覚化され、戦略的な回避や戦闘が楽しめるようになった。,
3DS,ドラゴンクエストVII エデンの戦士たち (3DS版),2013,スクウェア・エニックス,RPG,石版ふたたび。PS版の冗長だった部分を修正し、シンボルエンカウントを採用。転職システムの楽しさはそのままに、快適に遊べる良リメイク。,
3DS,バイオハザード リベレーションズ,2012,カプコン,サバイバルホラー,原点回帰の恐怖。閉鎖された豪華客船という逃げ場のない舞台。携帯機とは思えない美麗なグラフィックと、迫りくるクリーチャーの威圧感。,
3DS,ポケットモンスター サン・ムーン,2016,ポケモン/任天堂,RPG,アローラ！ ジム戦を廃止し「島めぐり」へ。南国ムード溢れる世界と、Zワザによる一発逆転。リージョンフォームが既存ポケモンの魅力を再発見させた。,
3DS,ファイアーエムブレムif 白夜王国/暗夜王国,2015,任天堂,シミュレーションRPG,選ぶのは、血か絆か。二つの国どちらにつくかで物語が分岐する。特に「暗夜」は高難易度で、往年のファンを唸らせる歯ごたえ。,
3DS,ゼルダの伝説 ムジュラの仮面 3D,2015,任天堂,アクションADV,3日間の悪夢、再び。団員手帳の機能強化やセーブ箇所の追加で、難解なシステムが遊びやすく調整された。不気味さはそのままに。,
3DS,ドラゴンクエストVIII 空と海と大地と呪われし姫君 (3DS版),2015,スクウェア・エニックス,RPG,見渡す限りの世界。ゲルダとモリーが仲間に加わり、フルボイス化。シンボルエンカウントと高速モードで冒険がさらに快適に。,
3DS,レイトン教授VS逆転裁判,2012,レベルファイブ/カプコン,ナゾトキ法廷アドベンチャー,異議あり！と言えるナゾ。二大アドベンチャーの奇跡のコラボ。魔法が存在する世界で、矛盾を暴き、ナゾを解く。,
3DS,メトロイド サムスリターンズ,2017,任天堂,探索型アクション,帰ってきたサムス。GB版『メトロイドII』をフルリメイク。近接カウンター「メレーカウンター」が、探索に緊張感あるアクションを加えた。,
3DS,シアトリズム ファイナルファンタジー カーテンコール,2014,スクウェア・エニックス,リズムアクション,FF音楽の博物館。200曲以上を収録し、RPGのようにパーティを育てて演奏する。歴代の名シーンが背景に流れ、思い出が蘇る。,
3DS,桃太郎電鉄2017 たちあがれ日本!!,2016,任天堂,ボードゲーム,久しぶりの社長！ 東日本大震災からの復興をテーマにしつつ、変わらない桃鉄の面白さ。立ち上がれ日本の演出に胸が熱くなる。,
3DS,PROJECT X ZONE 2:BRAVE NEW WORLD,2015,バンダイナムコ,シミュレーションRPG,メーカーを超えた共闘。セガ、カプコン、バンナム、任天堂のキャラが入り乱れる。前作の不満点を解消し、掛け合いの密度がさらに増した。,
3DS,逆転裁判5,2013,カプコン,法廷バトル,法廷の崩壊。成歩堂龍一が復活。3Dモデルになったキャラのアニメーションと、感情の暴走を見抜く「ココロスコープ」が新しい。,
3DS,真・女神転生 DEEP STRANGE JOURNEY,2017,アトラス,RPG,極限の旅、深化。DSの名作をリファインし、新キャラと新ルートを追加。いつでもセーブ機能など、現代的な遊びやすさがプラスされた。,
3DS,New スーパーマリオブラザーズ 2,2012,任天堂,アクション,コイン100万枚を目指せ。とにかくコインを集めることに特化したマリオ。ゴールドマリオで画面中のブロックをコインに変える快感。,
3DS,セブンスドラゴンIII code:VFD,2015,セガ,RPG,竜を狩る、時を超えて。現代、過去、未来を舞台にドラゴンと戦う。職業と外見を自由に組み合わせるキャラメイクの楽しさはシリーズ随一。,
3DS,Miitopia (ミートピア),2016,任天堂,みまもりシミュレーション,配役はあなた次第。大魔王も、姫も、仲間もすべてMii。勝手気ままに行動するMiiたちを見守る、ゆるくて笑える冒険。,
3DS,牧場物語 つながる新天地,2014,マーベラス,シミュレーション,貿易しよう。育てた作物を世界に出荷する。サファリパークを作ったり、アンゴラウサギを育てたり、やれることが大幅に増えた。,
3DS,パズドラZ,2013,ガンホー,パズルRPG,スマホの熱狂を3DSで。ガチャなし、課金なしのRPGとして再構築。ドラゴンテイマーとして冒険するストーリーは、子供たちに大いに受けた。,
3DS,新・世界樹の迷宮 ミレニアムの少女,2013,アトラス,3DダンジョンRPG,物語のある世界樹。固定キャラクターによるストーリーモードを搭載。硬派なダンジョンRPGの間口を広げた、シリーズの新しい試み。,
3DS,カルドセプト リボルト,2016,任天堂,ボードゲーム,反逆のカード。スピードアップした試合展開と、200枚以上の新カード。より攻撃的でスピーディーな領地争いが楽しめる。,
3DS,ハコボーイ!,2015,任天堂,パズルアクション,箱を出して進め。HAL研究所が贈る、シンプルで奥深いパズル。白黒のミニマルなデザインと、キュービィの可愛らしさが光る。,
3DS,ヨッシー ウールワールド ポチと!ヨッシー ウールワールド,2017,任天堂,アクション,ポチも一緒。Wii U版の移植に加え、ポチを操作するコースや、コマ撮りアニメ映像を収録。携帯機で遊ぶ毛糸の質感が心地よい。,
3DS,アライアンス・アライブ,2017,フリュー,RPG,群像劇の旅。9人の主人公が交錯する古典的なJRPG。ワールドマップを乗り物で探索するワクワク感は、かつてのRPGファンに刺さる。,
3DS,デビルサバイバー オーバークロック,2011,アトラス,シミュレーションRPG,8日目の真実。DS版にボイスと「8日目」のシナリオを追加。悪魔オークションの熱さと、極限状態のドラマがより鮮烈に。,
3DS,エバーオアシス 精霊とタネビトの蜃気楼,2017,任天堂,アクションRPG,砂漠にオアシスを。ゼルダのグレッゾが開発。仲間を増やしてオアシスを発展させ、ダンジョンに挑む。世界観の作り込みが素晴らしい。,
3DS,ショベルナイト,2016,ヨットクラブゲームズ,アクション,掘り進め、騎士よ。ファミコン時代への愛に溢れた2Dアクション。3D立体視との相性が抜群に良く、多層スクロールが美しく映える。,
3DS,Code Name: S.T.E.A.M. リンカーンVSエイリアン,2015,任天堂,シミュレーション,アメコミ×スチームパンク。ファイアーエムブレムのスタッフが作った、TPS視点のシミュレーション。歯ごたえのある難易度が魅力。,
MD,ソニック・ザ・ヘッジホッグ2,1992,セガ,アクション,音速の貴公子、完成形。テイルスという相棒を得て、スピード感と爽快感が極限まで高まった。カジノナイトゾーンの煌めきはセガの象徴。,
MD,ガンスターヒーローズ,1993,トレジャー,アクション,職人集団の爆誕。多関節キャラがグリグリ動き、画面中が爆発する。メガドラの限界を超えた演出と、武器を組み合わせる戦略性が熱い。,
MD,ベア・ナックルII 死闘への鎮魂歌,1993,セガ,ベルトアクション,古代祐三のビート。テクノサウンドに身を任せ、街のゴロツキを殴り倒す。格闘ゲーム並みのコマンド技と、爽快な打撃音が生むトランス状態。,
MD,ファンタシースター 千年紀の終りに,1993,セガ,RPG,SFファンタジーの金字塔。マンガのようにコマ割りで進むイベントシーンと、連携攻撃。重厚なストーリーは16bit RPGの最高峰の一つ。,
MD,シャイニング・フォースII 古えの封印,1993,セガ,シミュレーションRPG,冒険するSRPG。広大なフィールドを自由に歩ける探索要素と、愛着のわくキャラたち。王道ファンタジーの心地よさがここにある。,
MD,大魔界村,1989,カプコン,アクション,パンツ一丁の死闘。アーケードの超難易度とグラフィックを、忠実に家庭用へ持ち込んだ。メガドラ初期の「アーケード移植物」としての意地を見せた一本。,
MD,サンダーフォースIV,1992,テクノソフト,シューティング,メタルの轟音。画面からはみ出すほど巨大なボスと、高速スクロール。FM音源を極限まで使い倒したBGMは、シューターの魂を震わせる。,
MD,ザ・スーパー忍,1989,セガ,アクション,忍びの美学。八双飛びと忍術を駆使し、現代のビル群や和風屋敷を駆ける。古代祐三の音楽と、シビアだが公正な難易度バランス。,
MD,ランドストーカー 〜皇帝の財宝〜,1992,セガ,アクションRPG,クォータービューの魔術。擬似3Dで描かれた迷宮の立体パズル。ジャンプの距離感が難しいが、解けた時の達成感は格別。,
MD,ゴールデンアックス,1989,セガ,アクション,剣と魔法とドラゴンと。魔法の瓶を集めて放つド派手な全体魔法。ファンタジー映画の主人公になりきって敵をなぎ倒す快感。,
MD,幽☆遊☆白書 魔強統一戦,1994,トレジャー,対戦格闘,多人数バトルの傑作。アニメキャラゲーと侮るなかれ。2ライン制のシステムと凄まじいゲームスピードが、原作の超次元バトルを完全再現した。,
MD,ソニック・ザ・ヘッジホッグ3 & ナックルズ,1994,セガ,アクション,ロックオン合体。二つのソフトを物理的に合体させて完成する超大作。膨大なステージ数と、ナックルズでのプレイが可能になるギミックの勝利。,
MD,ストーリー オブ トア 〜光を継ぐ者〜,1994,セガ,アクションRPG,精霊を召喚せよ。滑らかなアニメーションで動くキャラと、格ゲーのようなコマンド入力で戦うアクション性の高さ。古代祐三の音楽も光る。,
MD,バンパイアキラー,1994,コナミ,アクション,血の輪廻。悪魔城ドラキュラシリーズ唯一のメガドラ作品。多関節のボスや画面の揺らぎなど、ハードの機能をハックしたような超絶演出の連続。,
MD,魂斗羅 ザ・ハードコア,1994,コナミ,アクション,地獄の業火。シリーズ屈指のスピード感と、選択肢によるマルチエンディング。爆発と悲鳴が絶えない、男たちのハードコアな戦場。,
MD,ぷよぷよ通,1994,コンパイル,パズル,相殺システムの完成。ファミコン版など多くの機種に出たが、メガドラ版の操作性とボイスのキレは評価が高い。対戦パズルのデファクトスタンダード。,
MD,モンスターワールドIV,1994,セガ,アクションRPG,アラビアンナイトの冒険。主人公アーシャと相棒ペペログゥの愛らしい動作。ドット絵の芸術的な書き込みと、心温まるストーリー。,
MD,ダイナマイトヘッディー,1994,トレジャー,アクション,頭を使え（物理）。頭を飛ばして攻撃・移動するギミック満載のアクション。舞台劇のような演出と、目まぐるしく変わる展開に息つく暇もない。,
MD,コミックスゾーン,1995,セガ,アクション,マンガの中へ。ページを飛び移り、コマの中で戦う斬新なビジュアル。アメコミ調のハードな世界観と、高難易度が洋ゲー好きに刺さる。,
MD,ラングリッサーII,1994,メサイヤ,シミュレーションRPG,傭兵たちの戦記。指揮官と傭兵システムの戦略性、そして魅力的なキャラクターデザイン。ルート分岐により、正義のあり方を問う物語。,
MD,エイリアンソルジャー,1995,トレジャー,アクション,ボス戦の連続。ザコ戦を極限まで削ぎ落とし、ひたすら巨大ボスと戦い続ける。超高速のゲームスピードについて来れるか、プレイヤーへの挑戦状。,
MD,ストライダー飛竜,1990,セガ,アクション,野生の獣のように。アーケードの名作を8メガビットの大容量で移植。サイファーを振るう飛竜のアクロバティックな動きが、家庭用で蘇った。,
MD,武者アレスタ,1990,東亜プラン,シューティング,和風SFの極地。鎧武者が空を飛ぶ独特の世界観。爽快感あふれるパワーアップシステムと、FM音源のロックなBGMが熱い。,
MD,リスター・ザ・シューティングスター,1995,セガ,アクション,手を伸ばして掴め。腕を伸ばして敵を掴んだり、壁を登ったりする独特のアクション。メガドラ末期を彩った、ポップでカラフルな隠れた名作。,
MD,ヘルツォーク・ツヴァイ,1989,テクノソフト,RTS,RTSの始祖。変形ロボットを操りながらユニットを生産し、陣地を取り合う。リアルタイムストラテジーの基礎を作った、早すぎた名作。,
MD,ファンタシースターII 還らざる時の終わりに,1989,セガ,RPG,悲劇の記憶。SF的な世界観と、あまりに衝撃的なシナリオ展開。高難易度のダンジョンも含め、記憶に焼き付いて離れないRPG。,
MD,アドバンスド バスターホーク グレイランサー,1992,メサイヤ,シューティング,ガンナーを操作せよ。オプション（ガンナー）の向きを自在に操るシステムと、アニメのようなストーリー演出。プレミア化必至の完成度。,
MD,コラムス,1990,セガ,パズル,宝石の輝き。テトリスとは違う、斜め消しの連鎖。美しいBGMと古代遺跡のような雰囲気は、大人のパズルゲームとして愛された。,
MD,レンタヒーロー,1991,セガ,アクションRPG,戦うアルバイト。乾電池で変身し、出前や雑用をこなしながら街を守る。独特のユルさとペーソスが漂う、セガらしい怪作。,
MD,パルスマン,1994,セガ,アクション,電気と仮想空間。ポケモンのゲームフリークが開発したスタイリッシュアクション。現実とネット空間を行き来する設定が、時代を先取りしていた。,
SS,バーチャファイター2,1995,セガ,対戦格闘,100万本売れた象徴。アーケードの圧倒的グラフィックを家庭用で再現し、社会現象となった3D格闘の金字塔。,
SS,サクラ大戦,1996,セガ,ドラマチックADV,太正桜に浪漫の嵐。歌謡ショウのような華やかさと、スチームパンクなメカ戦。キャラゲーの歴史を塗り替えた不朽の名作。,
SS,サクラ大戦2 〜君,死にたもうことなかれ〜,1998,セガ,ドラマチックADV,熱き血潮。新キャラ織姫・レニを加え、演出もボリュームも大幅パワーアップ。サターン史上最高傑作との呼び声も高い続編。
SS,NiGHTS into Dreams...,1996,セガ,アクション,空を飛ぶ夢。アナログパッドで空を自由に滑空する浮遊感。スコアアタックの熱さと、幻想的な世界観が融合したセガのファンタジー。,
SS,パンツァードラグーン ツヴァイ,1996,セガ,シューティング,進化する竜。自機であるドラゴンが成長・変形する。描き込まれた背景と、ロックオンレーザーの爽快感が極まった3Dシューティング。,
SS,AZEL -パンツァードラグーンRPG-,1998,セガ,RPG,竜と旅するRPG。シューティングの世界観を重厚な物語へ昇華。フルボイスで語られる退廃的な世界と、3D空間での戦略バトル。,
SS,グランディア,1997,ゲームアーツ,RPG,「歴史に残る映画があるように、歴史に残るRPGがある」。3Dマップと2Dキャラの融合、冒険のワクワク感を詰め込んだ王道RPGの最高峰。,
SS,ガーディアンヒーローズ,1996,トレジャー,アクション,格ゲー×RPG×乱戦。多ラインのベルトスクロールアクション。魔法や必殺技が飛び交うハチャメチャなバトルと、分岐するシナリオ。,
SS,レイディアントシルバーガン,1998,トレジャー,シューティング,弾幕とパズル。7種類の武器を使い分け、敵を効率よく倒す。哲学的なストーリーと、芸術的なまでの難易度構成を持つ伝説のSTG。,
SS,X-MEN VS. STREET FIGHTER,1997,カプコン,対戦格闘,4MBの奇跡。拡張ラムカートリッジにより、アーケードのキャラパターンを完全移植。交代しながら戦うタッグバトルのスピード感に誰もが驚愕した。,
SS,ヴァンパイア セイヴァー,1998,カプコン,対戦格闘,闇の住人たち。滑らかなアニメーションと、ダークでポップな世界観。拡張ラム必須の移植度は完璧で、サターンが「2D最強」であることを証明した。,
SS,セガラリー・チャンピオンシップ,1995,セガ,レース,砂煙のリアリティ。独特の慣性ドリフトと、タイヤのグリップ感。家庭用レースゲームの挙動を一変させた傑作。,
SS,電脳戦機バーチャロン,1996,セガ,対戦アクション,ツインスティックの衝撃。巨大ロボットを高速で滑らせるバーチャルな操作感。ゲームセンターの興奮がそのまま家にやってきた。,
SS,ドラゴンフォース,1996,セガ,シミュレーションRPG,100人対100人。画面を埋め尽くす兵士たちがワラワラと戦う。8人の君主から選び、大陸統一を目指す内政と戦略のバランスが絶妙。,
SS,シャイニング・フォースIII シナリオ1〜3,1997,セガ,シミュレーションRPG,三部作の叙事詩。異なる視点から同じ時間軸の物語を描く「シンクロニシティ・システム」。3D化された戦場と重厚なドラマ。,
SS,LUNAR シルバースターストーリー,1996,ゲームアーツ/角川書店,RPG,愛と冒険のRPG。メガCDの名作をリメイク。アニメーションムービーを大量に導入し、「遊ぶアニメ」としての完成度を高めた。,
SS,ポリスノーツ,1996,コナミ,アドベンチャー,宇宙の刑事。小島秀夫監督によるSFハードボイルド。映画的な演出と、画面をクリックして調査する探索パートの没入感。,
SS,この世の果てで恋を唄う少女YU-NO,1997,エルフ,アドベンチャー,並行世界の旅。A.D.M.Sシステムで複雑な分岐を可視化。SF、哲学、そして感動。アダルトゲーム出身ながら家庭用で伝説となったADV。,
SS,街 〜運命の交差点〜,1998,チュンソフト,サウンドノベル,渋谷、実写。8人の主人公の運命がザッピングする。実写への偏見を吹き飛ばす圧倒的なシナリオの面白さと、渋谷という街の空気感。,
SS,プリンセスクラウン,1997,アトラス,アクションRPG,ドット絵の到達点。ヴァニラウェアの原点。絵本が動いているような滑らかなキャラアニメーションと、王女グラドリエルの成長物語。,
SS,ダイナマイト刑事,1997,セガ,アクション,見た目はダイ・ハード。落ちているモップや胡椒、なんでも使ってテロリストを倒す。B級映画のようなノリと爽快な3D格闘アクション。,
SS,バーニングレンジャー,1998,セガ,アクション,火災現場へ急行せよ。未来の消防士となり、要救助者を探す。ボイスナビゲーションを頼りに進むシステムと、熱すぎる主題歌。,
SS,蒼穹紅蓮隊,1997,ライジング,シューティング,ウェブを張れ。敵をまとめてロックオンする「N.A.L.S」システム。立体的な演出と、職人芸的なドット絵が光る縦スクロールSTG。,
SS,怒首領蜂,1997,アトラス/ケイブ,シューティング,死ぬがよい。弾幕シューティングの金字塔。画面を埋め尽くす弾と、それを回避する極小の当たり判定。STGの歴史を変えた一本。,
SS,バトルガレッガ,1998,ライジング,シューティング,死んでランクを下げろ。上手くなるほど敵が強くなる独特のランクシステム。鉄と油の匂いがする硬派な世界観。,
SS,サターンボンバーマン,1996,ハドソン,アクション,10人対戦のカオス。マルチターミナルを繋げば最大10人で遊べる。広いステージで繰り広げられる爆殺劇はパーティゲームの極地。,
SS,ストリートファイターZERO3,1999,カプコン,対戦格闘,ISMを選べ。3つのスタイル選択と、総勢30体以上のキャラクター。PS版よりアニメパターンが多く、SS末期を飾る最高峰の格ゲー。,
SS,THE KING OF FIGHTERS '97,1998,SNK,対戦格闘,オロチ編完結。拡張ラム対応でロード時間を短縮。3on3のチームバトルと、京・庵・千鶴の因縁のドラマ。,
SS,ラングリッサーIV,1997,メサイヤ,シミュレーションRPG,判断力が試される。「ジャッジメントフェーズ」システムにより行動順が入り乱れる。マルチエンディングと美少女キャラの魅力も健在。,
SS,シルエットミラージュ,1997,トレジャー,アクション,属性を切り替えろ。敵の属性に合わせてシルエット（赤）とミラージュ（青）を反転させる。パズル的な戦略と深いストーリー。,
SS,サンダーフォースV,1997,テクノソフト,シューティング,鋼鉄の旋律。3D演出を取り入れたシリーズ第五作。「Guardian's Knight」などの名曲と共に、巨大戦艦と戦う熱い展開。,
SS,レイヤーセクション,1995,タイトー,シューティング,ロックオンレーザーの美学。アーケード『レイフォース』の移植。多層スクロールする背景と、電子音が織りなす悲壮感漂う演出。,
SS,戦国ブレード,1996,アトラス/彩京,シューティング,飛んで巫女。横スクロールシューティングの傑作。彩京弾と呼ばれる高速弾と、個性豊かなキャラ、そして衝撃のエンディング。,
SS,デビルサマナー ソウルハッカーズ,1997,アトラス,RPG,電子の海へ。近未来都市と悪魔召喚。サイバーパンクな世界観と、悪魔の忠誠度システムなど、洗練されたメガテンの傑作。,
SS,真・女神転生デビルサマナー,1995,アトラス,RPG,探偵、悪魔を追う。横浜を舞台にしたハードボイルドな世界観。サターンの初期を支えた、大人向けのダークなRPG。,
SS,天外魔境 第四の黙示録,1997,ハドソン,RPG,アメリカ横断。架空のアメリカを舞台にした奇想天外な冒険。フルボイスで喋りまくるキャラと、ブラックユーモア溢れるシナリオ。,
SS,カルドセプト,1997,大宮ソフト,ボードゲーム,資産を奪い合え。トレーディングカードとモノポリーの融合。数百枚のカードが生む無限の戦略は、廃人を生み出す時間泥棒。,
SS,EVE burst error,1997,イマディオ,アドベンチャー,二つの視点。探偵・小次郎と捜査官・まりな。二人の主人公を切り替えて謎を解く「マルチサイトシステム」と、緊迫のシナリオ。,
SS,デザイア,1997,イマディオ,アドベンチャー,無人島の研究所。EVEと同じ菅野ひろゆき氏によるSFサスペンス。視点切り替えによるザッピングと、衝撃的な真実。,
SS,ファイティングバイパーズ,1996,セガ,対戦格闘,アーマーを砕け。壁に叩きつけ、装甲を破壊する爽快感。バーチャファイターより派手で豪快な、セガ流のエンタメ格闘。,
SS,ファイターズメガミックス,1996,セガ,対戦格闘,セガの闇鍋。バーチャとバイパーズ、さらにレンタヒーローやデイトナの車まで参戦。お祭り感満載のドリームマッチ。,
SS,デカスリート,1996,セガ,スポーツ,連打の限界。10種競技をボタン連打とタイミングで競う。アーケード直系の単純明快な操作と、筋肉質なキャラの濃さが楽しい。,
SS,ザ・ハウス・オブ・ザ・デッド,1998,セガ,ガンシューティング,館への潜入。バーチャガン対応。ゾンビを部位破壊して撃退するグロテスクさと爽快感。B級ホラー映画のノリを完全再現。,
SS,エレベーターアクション リターンズ,1997,タイトー,アクション,潜入、破壊。リアルなドット絵で描かれるスパイアクション。緊張感あるBGMと、敵を撃つ重みのある手応え。,
SS,メタルスラッグ,1997,SNK,アクション,戦場のアート。拡張ラムを使用し、アーケードの緻密なドット絵と激しい爆発を完全再現。2Dアクションの最高峰。,
SS,疾風魔法大作戦,1994,ライジング,シューティング,魔法とレース。シューティングで順位を競うという異色作。ファンタジー世界を高速で駆け抜けるスピード感が心地よい。,
SS,マジカルドロップIII,1997,データイースト,パズル,後付け連鎖。ドロップを吸って吐くスピード感。タロットカードをモチーフにしたキャラと、ハイテンポな対戦が熱い。,
SS,バクバクアニマル,1996,セガ,パズル,食うか食われるか。餌と動物を落として連鎖させる。コミカルな見た目に反して、対戦ツールとしては非常に奥が深い。,
SS,機動戦士ガンダム ギレンの野望,1998,バンダイ,シミュレーション,ジーク・ジオン。一年戦争を指揮する本格戦略SLG。ifの歴史を作れる自由度と、アニメパートの豊富さがガンダムファンを唸らせた。,
SS,スーパーロボット大戦F / F完結編,1997,バンプレスト,シミュレーションRPG,エヴァ参戦。当時のブームを反映し、エヴァやイデオンが登場。ボイス収録により戦闘デモが劇的に進化した、スパロボの転換点。,
DC,シェンムー 一章 横須賀,1999,セガ,アクションADV,伝説の始まり。オープンワールドの元祖。昭和の横須賀を完全再現し、生活し、聞き込みをし、ガチャガチャを回す。リアルの追及が生んだ金字塔。,
DC,ソウルキャリバー,1999,ナムコ,対戦格闘,超越移植。アーケード版を遥かに凌駕するグラフィックとモード数。DCの性能を見せつけ、世界中のレビュアーが満点をつけた剣劇格闘の頂点。,
DC,ソニックアドベンチャー,1998,セガ,3Dアクション,音速は3Dへ。圧倒的なスピードで駆け抜ける爽快感と、6人のキャラが織りなすストーリー。鯨に追われるシーンの衝撃は忘れられない。,
DC,クレイジータクシー,2000,セガ,ドライビング,客を乗せて暴走せよ。パンクな音楽に乗せて、サンフランシスコ風の街を爆走。アーケードの興奮をそのまま家庭に持ち込んだ傑作。,
DC,ファンタシースターオンライン,2000,セガ,オンラインRPG,世界と繋がる。家庭用ゲーム機で初めて本格的なオンラインRPGを実現。ラグオルでの冒険とロビーでのチャットは、多くの人の青春そのもの。,
DC,ジェット セット ラジオ,2000,セガ,ストリートアクション,グラフィティを描け。トゥーンレンダリングを世に広めたポップな映像美。近未来のトーキョーをスケートで走り回る、オシャレで反骨心あふれる一作。,
DC,サクラ大戦3 〜巴里は燃えているか〜,2001,セガ,ドラマチックADV,巴里へ。OPアニメの技術的到達点。戦闘が3D化した「ARMS」システムと、新ヒロインたちとのドラマ。DCの性能を極限まで引き出した名作。,
DC,スペースチャンネル5,1999,セガ,リズムアクション,踊って救え。宇宙のリポーターうららが、ダンスで異星人を撃退。レトロフューチャーな世界観と、マイケル・ジャクソン本人の出演が話題に。,
DC,シーマン 〜禁断のペット〜,1999,ビバリウム,育成シミュレーション,人面魚と会話する。マイクデバイスを使い、生意気なシーマンと会話する。奇妙な育成体験は、社会現象級のインパクトを残した。,
DC,バイオハザード コード：ベロニカ,2000,カプコン,サバイバルホラー,真のバイオ3？ フルポリゴンで描かれる恐怖と、クレアの絶望的な戦い。ドリームキャストのハイエンドな映像美を象徴する一本。,
DC,ソニックアドベンチャー2,2001,セガ,3Dアクション,正義と悪。ソニックとシャドウ、二つの視点で進むハイスピードアクション。「Live & Learn」が流れるラストバトルの盛り上がりはシリーズ最高潮。,
DC,MARVEL VS. CAPCOM 2,2000,カプコン,対戦格闘,お祭り騒ぎ。総勢56名のキャラが入り乱れる3on3。ド派手なハイパーコンボと、終わらない空中コンボ。格ゲー史上最もカオスで熱い戦い。,
DC,エターナルアルカディア,2000,セガ,RPG,空の海へ。空賊ヴァイスとなって大空を駆ける。王道の冒険活劇、艦隊戦、そして「無駄に熱い」選択肢。冒険する喜びが詰まったRPG。,
DC,バーチャファイター3tb,1998,セガ,対戦格闘,高低差のある戦い。ローンチタイトルとして登場した、最強の3D格闘。チームバトル（tb）形式になり、対戦ツールとしての深みが増した。,
DC,Rez,2001,セガ,シューティング,共感覚のトリップ。敵をロックオンする音がビートになり、音楽が映像になる。トランス状態を誘発する、テクノとゲームの融合。,
DC,CAPCOM VS. SNK 2 MILLIONAIRE FIGHTING 2001,2001,カプコン,対戦格闘,夢の競演、頂点。グルーヴ（システム）を選んで戦う深みと、両社の人気キャラが集結した豪華さ。2D格闘ゲームの一つの到達点。,
DC,パワーストーン,1999,カプコン,対戦アクション,石を集めて変身！ 3Dフィールドを自由に走り回り、椅子でも柱でも投げつける。パーティゲームとしても優秀な、カプコンの隠れた名作。,
DC,グランディアII,2000,ゲームアーツ,RPG,命を賭して。前作の明るい冒険から一転、少しダークな世界観へ。進化した戦闘システムと、ヒロインを巡る切ない決断。,
DC,ザ・ハウス・オブ・ザ・デッド 2,1999,セガ,ガンシューティング,ゾンビ映画の主役。アーケードの興奮を完全移植。リロードの爽快感と、B級ホラーなストーリー展開がたまらない。,
DC,ストリートファイターIII 3rd STRIKE,2000,カプコン,対戦格闘,ブロッキングの美学。究極のドット絵アニメーションと、攻防の駆け引き。現在も大会が開かれ続ける、格ゲー史に残る最高傑作。,
DC,電脳戦機バーチャロン オラトリオ・タングラム,1999,セガ,対戦アクション,高速機動、再び。DC版はネット対戦に対応。洗練されたメカデザインと、目にも止まらぬハイスピードバトル。,
DC,チューチューロケット!,1999,セガ,パズル,ネズミを救え。矢印を置いてネズミをロケットへ導く。通信対戦のカオスっぷりは凄まじく、DCのネットワーク機能をアピールした。,
DC,セガガガ,2001,セガ,RPG,セガを救え。倒産寸前のセガを経営し、シェア100%を目指す。自虐ネタのオンパレードと、クリエイターへの熱いメッセージが込められた遺言のような怪作。,
DC,Ikaruga 斑鳩,2002,トレジャー,シューティング,白と黒の輪廻。敵と同じ色の弾を吸収するシステム。パズル的な攻略と、宗教的とも言える崇高な演出美。,
DC,クレイジータクシー2,2001,セガ,ドライビング,NYへ行こう。ジャンプ機能が追加され、立体的なショートカットが可能に。客を乗せて空を飛ぶ爽快感は前作以上。,
DC,ルーマニア #203,2000,セガ,人生介入シミュレーション,平凡な大学生の生活。プレイヤーは神となり、大学生ネジタイヘイの生活に干渉する。地味だが妙にリアルな日常劇。,
DC,ダイナマイト刑事2,1999,セガ,アクション,大統領を救出せよ。見た目は洋画、中身はバカゲー。豪華客船で手当たり次第に物を投げて戦う、爽快3Dベルトスクロール。,
DC,パワーストーン2,2000,カプコン,対戦アクション,4人で大乱闘。最大4人対戦が可能になり、ステージギミックも派手に。スマブラとは違う、カプコン流パーティバトルの決定版。,
DC,燃えろ!ジャスティス学園,2000,カプコン,対戦格闘,青春の3人組。熱血、オカルト、スポーツ。個性豊かな高校生たちが戦う3D格闘。ストーリーモードの恋愛シミュレーション要素も楽しい。,
DC,デッド オア アライブ 2,2000,テクモ,対戦格闘,美しさと破壊。多層構造のステージから落下する演出と、クリティカルホールドの読み合い。グラフィックの進化に世界が息を呑んだ。,
DC,バーチャストライカー2 Ver.2000.1,1999,セガ,スポーツ,アーケードの芝。単純操作で豪快なゴールが決まる。リアルシミュレーターではない、ゲームとしてのサッカーの面白さを追求。,
DC,プロ野球チームをつくろう!,1999,セガ,シミュレーション,球団経営の沼。弱小球団のオーナーとなり、選手を集めて日本一を目指す。中毒性が高く、多くのプレイヤーの睡眠時間を奪った。,
DC,ゼロガンナー2,2001,彩京,シューティング,旋回せよ。自機が360度旋回する独特の操作。3Dで描かれる演出と、彩京シューティングらしい爽快な破壊感。,
DC,ギガウイング,1999,カプコン/タクミ,シューティング,兆（ギガ）のスコア。敵弾を跳ね返す「リフレクトフォース」で画面を埋め尽くす弾幕を一掃するカタルシス。,
DC,サクラ大戦4 〜恋せよ乙女〜,2002,セガ,ドラマチックADV,大団円。帝都と巴里、二つの華撃団が共演するシリーズ完結編（当時）。短編ながら、ファンへの感謝に溢れたフィナーレ。,
DC,あつまれ!ぐるぐる温泉,1999,セガ,テーブル,ネットで麻雀。トランプや麻雀をチャットしながら遊ぶ。アバター機能もあり、現代のソーシャルゲームの先駆け的な存在。,
DC,ゾンビリベンジ,1999,セガ,アクション,素手でゾンビ。ハウスオブザデッドの外伝的アクション。銃だけでなく、パンチやドリルでゾンビを粉砕するB級テイスト満載の快作。,
DC,ボーダーダウン,2003,グレフ,シューティング,境界線を超えろ。ミスするとルートが変わる「ボーダーシステム」。DC末期に咲いた、哀愁漂うBGMと硬派な難易度の傑作。,
DC,幕末浪漫第二幕 月華の剣士,2000,SNK,対戦格闘,散りゆく美学。「弾き」システムによる攻防と、幕末の動乱を描く重厚な世界観。2D剣戟格闘の最高峰の一つ。,
DC,アンダーディフィート,2006,グレフ,シューティング,戦場の硝煙。ヘリコプターを操り、空中で機体を傾けて撃つ。DC市場最末期に発売された、リアルな爆発表現にこだわる職人芸。,
DC,イルブリード,2001,セガ/クライマックス,ホラーアクション,B級ホラーのテーマパーク。心拍数や出血量を管理しながら、悪趣味なトラップ満載のアトラクションをクリアするカルト怪作。,
DC,セガテトリス,2000,セガ,パズル,ゲーセンのテトリス。背景でサルが踊る、あのアーケード版テトリス。シンプルだが、セガファンにはたまらない一本。,
DC,GUILTY GEAR X,2000,サミー,対戦格闘,解像度の革命。ドット絵とは思えない高精細なグラフィックと、超高速コンボ。2D格闘ゲームの映像基準を一段階引き上げた。,
DC,コンフィデンシャルミッション,2001,セガ,ガンシューティング,スパイになれ。007のような世界観で、敵基地へ潜入。ワイヤーアクションなどのギミックもあり、スタイリッシュに敵を撃つ。,
DC,ファンタシースターオンライン Ver.2,2001,セガ,オンラインRPG,無限の冒険へ。レベル上限解放、アルティメットモード追加。課金システムが導入されたが、中毒者たちは喜んでラグオルへ戻っていった。,
DC,ジョジョの奇妙な冒険 未来への遺産,1999,カプコン,対戦格闘,スタンド使いの戦い。原作の絵がそのまま動く感動。スタンドモードのオンオフによる戦略性と、原作愛に溢れた演出。,
DC,レンタヒーローNo.1,2000,セガ,アクションRPG,あいつが帰ってきた。メガドラの名作をフル3Dリメイク。バカバカしさはそのままに、アクション性が大幅に向上。,
DC,コズミックスマッシュ,2001,セガ,アクションスポーツ,宇宙のスカッシュ。ミニマルなデザインとトランスミュージック。ブロック崩しとスカッシュを融合させた、スタイリッシュな隠れた名作。,
DC,風来のシレン外伝 女剣士アスカ見参!,2002,チュンソフト,ローグライクRPG,アスカ推参。シレンシリーズ最高傑作との呼び声高い一本。絶妙なバランス調整と、やりこみ要素の多さで現在もプレミア価格。,
DC,NAPPLE TALE Arisia in Daydream,2000,セガ,アクションRPG,夢と音の世界。菅野よう子の音楽と、不思議な世界観。可愛らしい見た目に反して、少し毒のあるストーリーが魅力のファンタジー。,
PS,ファイナルファンタジーVII,1997,スクウェア,RPG,すべてが変わった日。映画のようなムービーと3D戦闘。クラウドの記憶と星の命を巡る物語は、世界中のゲームの基準を書き換えた。,
PS,メタルギアソリッド,1998,コナミ,ステルスアクション,「待たせたな」。隠れて進む緊張感と、映画的演出の融合。ポリゴンが語る重厚な物語と、サイコマンティスの読心術。,
PS,バイオハザード,1996,カプコン,サバイバルホラー,振り向くゾンビ。窓を割る犬。実写ムービーと固定カメラ視点が演出する恐怖。サバイバルホラーというジャンルを確立した歴史的一作。,
PS,ドラゴンクエストVII エデンの戦士たち,2000,エニックス,RPG,石版を集める旅。シリーズ最大のボリュームと、鬱屈とした暗いシナリオ。ディスク2枚組で描かれる、過ぎ去りし時間を巡る大冒険。,
PS,ファイナルファンタジーVIII,1999,スクウェア,RPG,愛を歌うRPG。学園モノの導入と、頭身の上がったリアルなキャラ。ジャンクションシステムの賛否も含め、最も挑戦的で美しいFF。,
PS,悪魔城ドラキュラX 月下の夜想曲,1997,コナミ,探索型アクション,メトロイドヴァニアの完成。耽美なゴシックホラーと、広大な城の探索。アルカードの流麗な動きとBGMは、2Dアクションの芸術品。,
PS,グランツーリスモ,1997,ソニー,レース,リアルドライビングシミュレーター。実車が登場し、挙動をリアルに再現。レースゲームを「ごっこ遊び」から「シミュレーター」へと進化させた。,
PS,鉄拳3,1998,ナムコ,対戦格闘,3D格闘の到達点。PS1の性能限界に挑んだグラフィックと、横移動の導入。エンディングムービー見たさに誰もが夢中でプレイした。,
PS,パラッパラッパー,1996,ソニー,リズムアクション,ラップで解決。ペラペラの紙のようなキャラと、ポップなヒップホップ。音ゲーの元祖であり、クールでファンキーな伝説。,
PS,ファイナルファンタジータクティクス,1997,スクウェア,シミュレーションRPG,家畜に神はいない。イヴァリースの重厚な歴史ドラマと、ジョブシステムの奥深さ。SRPG最高傑作の一つとして名高い。,
PS,バイオハザード2,1998,カプコン,サバイバルホラー,ラクーンシティ壊滅。レオンとクレア、表と裏のシナリオが交錯する「ザッピングシステム」。絶望的な状況からの脱出劇。,
PS,アークザラッドII,1996,ソニー,RPG,光と音のRPG、完結。前作のデータを引き継ぎ、圧倒的なボリュームへ。ラストバトルの悲壮さと、ギルド仕事のやり込み要素。,
PS,ゼノギアス,1998,スクウェア,RPG,神を殺す物語。ロボット、宗教、哲学、心理学。ディスク2の紙芝居演出も含め、その未完の美しさがカルト的な人気を誇る。,
PS,クラッシュ・バンディクー3 ブッとび!世界一周,1998,ソニー,アクション,奥スクロールの金字塔。多彩な乗り物ステージと、爽快なアクション。宇宙、未来、恐竜時代を駆け抜ける、PSを代表するマスコット。,
PS,幻想水滸伝II,1998,コナミ,RPG,108人の運命。狂皇子ルカ・ブライトの悪役としての完成度と、親友との悲しい戦い。2DドットRPGの最高峰。,
PS,ヴァルキリープロファイル,1999,エニックス,RPG,死の先をゆく者たちよ。北欧神話ベースの重厚な死の物語。ボタン連打でコンボを繋ぐ爽快な戦闘システム。,
PS,R4 -RIDGE RACER TYPE 4-,1998,ナムコ,レース,走る美学。スタイリッシュなUI、アシッドジャズのBGM、そしてドラマチックなストーリー。レースゲームがお洒落だった時代の頂点。,
PS,サイレントヒル,1999,コナミ,ホラー,霧と闇。生理的嫌悪感を煽る裏世界と、ラジオのノイズ。バイオとは違う、精神を蝕むジャパニーズ・サイコホラー。,
PS,サルゲッチュ,1999,ソニー,アクション,デュアルショック専用。左右のスティックで網を振り、ピポサルを捕まえる。コントローラーの進化を遊びに変えた画期的な作品。,
PS,エースコンバット3 エレクトロスフィア,1999,ナムコ,フライトシューティング,SFアニメを飛ぶ。Production I.Gのアニメと、近未来の企業戦争を描く重厚なストーリー。シリーズで最も異色かつ野心的な一作。,
PS,テイルズ オブ エターニア,2000,ナムコ,RPG,永遠と絆のRPG。PS1末期に発売された、ドット絵2Dアクションバトルの完成形。ロード時間の短さと快適さは驚異的。,
PS,アーマード・コア,1997,フロム・ソフトウェア,ロボットアクション,身体は闘争を求める。自由に機体を組み（アセンブル）、依頼をこなす。高難易度と不親切さが、逆にレイヴンたちの魂に火をつけた。,
PS,ファイナルファンタジーIX,2000,スクウェア,RPG,原点回帰。クリスタル、黒魔道士、飛空艇。「生きる意味」を問う哲学的なテーマと、絵本のような温かい世界観。,
PS,クロノ・クロス,1999,スクウェア,RPG,殺された未来。並行世界を行き来する物語と、40人以上の仲間。光田康典による音楽と、美しすぎるプリレンダ背景。,
PS,パラサイト・イヴ,1998,スクウェア,シネマティックRPG,ミトコンドリアの反乱。NYを舞台にした現代劇。ATBとアクションを融合させた戦闘と、ムービーのシームレスな移行。,
PS,ベイグラントストーリー,2000,スクウェア,アクションRPG,リスクを負え。フルポリゴンで描かれる映画的演出と、複雑怪奇な武器合成システム。松野泰己の世界観が濃縮されたハードコアな傑作。,
PS,実況パワフルプロ野球'98開幕版,1998,コナミ,スポーツ,サクセスの黄金期。高校野球編のドラマチックさと、対戦バランスの良さ。コントローラーの振動で打撃の手応えを感じる。,
PS,ときめきメモリアル 〜forever with you〜,1995,コナミ,恋愛シミュレーション,伝説の樹の下で。パラメータを上げて女の子にモテる。PCエンジンからの移植だが、PSユーザーに「ギャルゲー」を定着させた功績は巨大。,
PS,風のクロノア door to phantomile,1997,ナムコ,アクション,夢見る黒き旅人。2.5Dの斬新な視点と、敵を掴んで投げるアクション。そして、プレイヤーの心を抉る衝撃のエンディング。,
PS,ワイルドアームズ 2nd IGNITION,1999,ソニー,RPG,英雄とは何か。西部劇×SFの世界観。ディスク2枚組で描かれる熱いシナリオと、オープニングアニメのクオリティは伝説。,
PS,聖剣伝説 LEGEND OF MANA,1999,スクウェア,アクションRPG,ランドメイクシステム。地図を自分で配置し、物語を作る。絵本のような手書きグラフィックと、下村陽子の名曲。,
PS,アインハンダー,1997,スクウェア,シューティング,敵の武器を奪え。スクウェアが本気で作った横スクロールSTG。サイバーパンクな世界観と、敵武器をマニピュレーターで装着する戦略性。,
PS,moon,1997,アスキー,RPG,勇者をやっつけろ。RPGの「お約束」を問い直すアンチRPG。モンスターの魂を救い、ラブを集める優しくて奇妙な物語。,
PS,俺の屍を越えてゆけ,1999,ソニー,RPG,世代交代RPG。短命の呪いを背負った一族が、子を作り、技を継承して鬼を討つ。プレイヤーごとの家系図ができるドラマ。,
PS,IQ Intelligent Qube,1997,ソニー,パズル,迫りくる箱。知能指数を問うスタイリッシュなパズル。不気味なBGMと、箱に潰される恐怖。シンプルだが奥が深い。,
PS,ダービースタリオン,1997,アスキー,シミュレーション,最強馬生産。シリーズ最高売上を記録。ロード時間は長かったが、ブリーダーズカップのパスワード交換は社会現象となった。,
PS,天誅 忍凱旋,1999,ソニー,ステルスアクション,立体忍者活劇。屋根を走り、背後から必殺の一撃。ステージエディットモード「虎の巻」で無限に遊べる。,
PS,チョロQ2,1997,タカラ,レース,プルバックカーの冒険。パーツを買って改造し、レースに勝つ。RPGのような成長要素と、箱庭を走る楽しさが融合した名作。,
PS,みんなのGOLF,1997,ソニー,スポーツ,国民的ゴルフゲーム。簡単操作で爽快ショット。誰でも遊べる間口の広さで、接待ゲームの定番となった。,
PS,どこでもいっしょ,1999,ソニー,コミュニケーション,トロと話そう。ポケットステーションに入れて持ち歩く。言葉を教える楽しさと、別れの切なさ。,
PS,モンスターファーム2,1999,テクモ,育成シミュレーション,CDから怪物が生まれる。家中のCDを読み込ませるワクワク感。育成のバランスとバトルの熱さはシリーズ最高傑作。,
PS,サガ フロンティア,1997,スクウェア,RPG,7人の主人公。連携システムの導入と、カオスなフリーシナリオ。未完成な部分も含めて愛される、スピーディーで自由なサガ。,
PS,影牢 〜刻命館真章〜,1998,テクモ,トラップアクション,罠を仕掛けろ。館に侵入する敵を、天井、壁、床の罠でコンボに嵌める。サディスティックな快感とパズル性。,
PS,スターオーシャン セカンドストーリー,1998,エニックス,RPG,愛と勇気のRPG。ダブルヒーローシステムと、アクション性の高い戦闘。アイテムクリエイションやPA（プライベートアクション）のやり込み。,
PS,ポポロクロイス物語,1996,ソニー,RPG,お母さんを救う旅。ドット絵がそのまま動くような温かいグラフィック。涙なしには見られない、優しくて切ない少年の成長譚。,
PS,ペルソナ2 罪/罰,1999,アトラス,RPG,噂が現実になる。学園ジュブナイルとオカルトの融合。二部作で描かれる重厚なシナリオと、悪魔との交渉。,
PS,ブシドーブレード,1997,スクウェア,対戦格闘,一撃必殺。体力ゲージなし、急所に当たれば即死。竹林や雪原を走り回りながら斬り合う、緊張感あふれるチャンバラ。,
PS,ガンパレード・マーチ,2000,ソニー,シミュレーション,学園と戦争。優秀すぎるAIが制御するNPCたちの人間関係。プレイヤーの行動次第で無限の物語が生まれる、早すぎた傑作。,
PS,グランツーリスモ2,1999,ソニー,レース,車の百科事典。収録車種600台以上。中古車市場の導入や、ラリーモードの追加。PS1の限界まで詰め込んだボリューム。,
PS,ディノクライシス2,2000,カプコン,アクション,恐竜を狩れ。前作のホラーから一転、コンボを繋いで恐竜を倒す爽快アクションへ。スコアアタックが熱い。,
PS,ドラゴンクエストIV 導かれし者たち,2001,エニックス,RPG,進化するオムニバス。ファミコンの名作をDQ7のエンジンでリメイク。ピサロが仲間になる第6章の追加は、ファンの悲願だった。,
PS,テイルズ オブ ファンタジア,1998,ナムコ,RPG,喋る、歌う。SFC版からグラフィックやシステムを一新。フェイスチャットの追加や戦闘の快適化など、リメイクの手本のような完成度。,
PS,幻想水滸伝,1995,コナミ,RPG,108星、集結。荒削りながらも、帝国への反乱を描いた熱いシナリオ。紋章システムや一騎打ちなど、伝説の始まりがここにある。,
PS,ブレス オブ ファイアIII,1997,カプコン,RPG,竜の遺伝子。ジャズフュージョンのBGMがお洒落なカプコンRPG。竜の遺伝子を組み合わせて変身するシステムが、育成の幅を広げた。,
PS,ワイルドアームズ,1996,ソニー,RPG,荒野と口笛。西部劇ファンタジーという独自の世界観。アニメオープニングの美しさと、グッズを使って謎を解くダンジョンが魅力。,
PS,フロントミッション3,1999,スクウェア,シミュレーションRPG,ネット社会の戦場。架空のインターネットを閲覧して情報を集める没入感。二つのシナリオと、スキル連鎖の爽快なヴァンツァーバトル。,
PS,レジェンド オブ ドラグーン,1999,ソニー,RPG,ソニーのFF。4枚組の大作。タイミングよくボタンを押す「アディショナル」戦闘と、ドラグーンへの変身。王道を貫いた意欲作。,
PS,デュープリズム,1999,スクウェア,アクションRPG,変身か、魔法か。二人の主人公、シリアスとコミカル。遺産を巡る物語を、軽快なアクションと美しいグラフィックで描く隠れた名作。,
PS,チョコボの不思議なダンジョン2,1998,スクウェア,ローグライクRPG,二人で潜れる。前作の不満点を解消し、パートナーシステムや合成要素が充実。シドとの冒険や、愛らしいチョコボの動作に癒やされる。,
PS,デジモンワールド,1999,バンダイ,育成RPG,寿命との戦い。食事、トイレ、トレーニング。たまごっち的な育成と、デジタルワールドの冒険が融合。進化の条件を探るのが熱い。,
PS,トルネコの大冒険2 不思議のダンジョン,1999,エニックス,ローグライクRPG,転職システム導入。戦士や魔法使いになってダンジョンへ挑む。PSのグラフィックで描かれるドラクエモンスターたちが懐かしくも新しい。,
PS,リンダキューブ アゲイン,1997,アスキー,サイコホラーRPG,動物を集めろ。世界が滅ぶまでの時間をループする。グロテスクで狂気的なシナリオと、ポケモン的な収集要素が融合した怪作。,
PS,キングスフィールドIII,1996,フロム・ソフトウェア,アクションRPG,シームレスな絶望。ダークソウルの源流。3Dフィールドをロードなしで探索する没入感と、一瞬の油断が死に繋がる緊張感。,
PS,エコーナイト,1998,フロム・ソフトウェア,ホラーADV,過去を変えろ。亡霊の無念を晴らし、客船事故の謎を解く。戦う手段を持たない主人公と、静寂が支配する恐怖。,
PS,クロックタワー2,1996,ヒューマン,ホラーADV,シザーマン再び。クリックポイント式で逃げ惑う恐怖。3Dになったことで演出の幅が広がり、マルチエンディングの分岐も複雑化。,
PS,ディノクライシス,1999,カプコン,サバイバルホラー,ゾンビより速い。知能を持つ恐竜との戦い。弾薬を作って切り抜ける「調合」システムと、即死級のダメージがパニックを誘う。,
PS,パラサイト・イヴ2,1999,スクウェア,アクションADV,アヤの帰還。前作のRPG寄りからバイオハザード的なアクション操作へ。ミトコンドリア・クリーチャーのグロテスクな進化。,
PS,サイレントボンバー,1999,バンダイ,アクション,爆弾を設置せよ。敵に爆弾を積み重ねて起爆する爽快感。スピーディーな移動と爆破のパズル性が融合した、知る人ぞ知る良作アクション。,
PS,ロックマンDASH 鋼の冒険心,1997,カプコン,フリーランニングRPG,青い空と遺跡。3D空間を自由に走り回るロックマン。明るい世界観と、ダンジョンの不気味さの対比が冒険心をくすぐる。,
PS,ロックマンX4,1997,カプコン,アクション,ゼロ、覚醒。アニメーションムービーが大量に追加され、ストーリー性が強化。ゼロが本格的な操作キャラとなり、アクションの幅が倍増した。,
PS,オレっ!トンバ,1997,ウーピーキャンプ,アクション,ミッションクリア型アクション。魔界村の藤原得郎氏が手掛けた、2.5Dの探索アクション。噛み付いて投げる挙動が気持ちいい。,
PS,クラッシュ・バンディクー2 コルテックスの逆襲!,1997,ソニー,アクション,アクションの教本。スライディングやハイジャンプが追加され、操作性が向上。誰でも楽しめるバランスと、奥深い隠し要素。,
PS,スパイロ・ザ・ドラゴン,1999,ソニー,アクション,空を飛ぶドラゴン。箱庭世界を自由に飛び回り、炎で敵を倒す。ロード時間を感じさせない技術力と、探索の自由度。,
PS,海腹川背・旬,1997,エクシング,ラバーリングアクション,ルアーの物理学。伸縮するゴムロープの挙動を利用して壁を登る。SFC版からステージが一新され、よりテクニカルに進化した。,
PS,立体忍者活劇 天誅 弐,2000,ソニー,ステルスアクション,忍びの夜明け。力丸と彩女の過去、そしてライバル龍丸の物語。自作ステージを作れる「虎の巻」も健在。,
PS,アーマード・コア マスターオブアリーナ,1999,フロム・ソフトウェア,ロボットアクション,最強は誰だ。アリーナモードに特化し、ナインボール・セラフという伝説のボスを生んだ。PS1時代のACの集大成。,
PS,エースコンバット2,1997,ナムコ,フライトシューティング,英雄になる時。ロックなBGMと、戦況によって変化するミッション。フライトシムの難しさを排除し、空を飛ぶ快感を追求した名作。,
PS,R-TYPE $\Delta$ (デルタ),1998,アイレム,シューティング,ドースシステム。3Dグラフィックを活かした演出と、フォースをぶつけてエネルギーを溜める戦略性。硬派STGの正統進化。,
PS,Gダライアス,1998,タイトー,シューティング,敵を味方に。キャプチャーボールで敵を捕獲し、αビームを放つ。ポリゴンで描かれる巨大戦艦と、深海生物モチーフのボスたち。,
PS,レイストーム,1996,タイトー,シューティング,ロックオンレーザー。美麗な3D背景と、疾走感あふれるカメラワーク。ZUNTATAのBGMが哀愁漂う世界観を完璧に彩る。,
PS,タイムクライシス,1997,ナムコ,ガンシューティング,撃って隠れる。ペダル（ボタン）操作で物陰に隠れるシステムが画期的。ガンコンを使って映画の主人公になれる。,
PS,ガンバレット,1997,ナムコ,ガンシューティング,パーティ・シューティング。精密射撃から早撃ちまで、バラエティ豊かなミニゲーム集。接待ゲームとして最強の一角。,
PS,鉄拳2,1996,ナムコ,対戦格闘,確固たる地位。前作からキャラが大幅に増え、グラフィックも向上。デビルカズヤやエンジェルなど、オカルト要素も魅力。,
PS,ソウルエッジ,1996,ナムコ,対戦格闘,武器を持つ格闘。リングアウトの駆け引きと、武器破壊システム。美麗なオープニングムービーはPS史に残るクオリティ。,
PS,ストリートファイターZERO3,1998,カプコン,対戦格闘,俺より強い奴。3つのイズム選択と、膨大なキャラ数。PSの限界に挑んだ移植度で、ロード時間も短く快適に遊べた。,
PS,トバル2,1997,スクウェア,対戦格闘,鳥山明×格闘。3D空間を自由に動ける操作性と、200体以上のキャラが登場する「クエストモード」。格ゲーのおまけを超えたRPGが遊べる。,
PS,私立ジャスティス学園,1998,カプコン,対戦格闘,熱血青春日記。チームアップ攻撃「愛と友情のツープラトン」。恋愛シミュレーション形式のキャラ育成モードも熱い。,
PS,ブラッディロア2,1999,ハドソン,対戦格闘,獣化せよ。戦いの最中に獣に変身してパワーアップ。スピーディーな攻防と、壁破壊などの派手な演出が爽快。,
PS,エアガイツ,1998,スクウェア,対戦アクション,360度バトル。高低差のあるリングを縦横無尽に走り回る。FF7のクラウドやティファが参戦したことでも話題に。,
PS,バスト ア ムーブ,1998,エニックス,リズムアクション,ダンスバトル。リズムに合わせてコマンドを入力し、相手を妨害する。洋楽テイストのクールな楽曲と、個性的なダンサーたち。,
PS,ウンジャマ・ラミー,1999,ソニー,リズムアクション,ギターは心。パラッパラッパーの姉妹作。ロックなギターサウンドと、さらにサイケデリックになった映像表現。,
PS,ぼくのなつやすみ,2000,ソニー,なつやすみADV,8月32日はない。虫取り、ラジオ体操、絵日記。昭和の田舎で過ごす、もう戻らない夏の日々を体験するノスタルジー。,
PS,アストロノーカ,1998,エニックス,宇宙野菜育成,宇宙で農業。野菜を育て、バブー（害獣）をトラップで撃退する。遺伝子交配で最強の野菜を作る、中毒性の高いシミュレーション。,
PS,バーガーバーガー,1997,ギャップス,経営シミュレーション,挟めば売れる。具材を組み合わせてオリジナルバーガーを作り、チェーン店を拡大する。経営のシビアさと創作の楽しさ。,
PS,ワールドサッカー実況ウイニングイレブン4,1999,コナミ,スポーツ,サッカーゲームの革命。マスターリーグの導入により、自分だけの最強チームを作る楽しさが生まれた。操作性も劇的に向上。,
PS,スーパーロボット大戦α,2000,バンプレスト,シミュレーションRPG,戦闘アニメの革命。ロボットが滑らかに動き、カットインが入る。マクロスやガンダムWが参戦し、スパロボブームを決定づけた。,
PS,SDガンダム Gジェネレーション・エフ,2000,バンダイ,シミュレーション,ガンダムの歴史全網羅。ディスク3枚組、収録ステージと機体数は圧倒的。自分の好きな機体を開発・設計して部隊を作る楽しみ。,
PS,ドカポン!怒りの鉄剣,1998,アスミック,ボードゲーム,友情破壊ゲーム。RPG風ボードゲーム。相手を妨害し、装備を奪い、一位を目指す。リアルファイトに発展しかねない殺伐とした面白さ。,
PS,いただきストリート ゴージャスキング,1998,エニックス,ボードゲーム,株と増資。エリアを買い占め、株価を操作して資産を増やす。運だけでなく戦略が物を言う、大人のボードゲーム。,
PS,ブレス オブ ファイアIV うつろわざるもの,2000,カプコン,RPG,神の視点。主人公とラスボス、二人の視点で進む物語。ドット絵のアニメーションはPSの限界に達した芸術的な美しさ。,
PS2,ファイナルファンタジーX,2001,スクウェア,RPG,「最後かもしれないだろ」。ボイス入りで語られる切ない愛と、召喚士の旅。圧倒的な映像美とCTBバトルの戦略性が融合した永遠の名作。,
PS2,ドラゴンクエストVIII 空と海と大地と呪われし姫君,2004,スクウェア・エニックス,RPG,見渡す限りの世界。鳥山明の絵がそのまま動く3Dフィールド。原点回帰の王道ストーリーと、冒険している実感が詰まった国民的RPG。,
PS2,メタルギアソリッド3 スネークイーター,2004,コナミ,ステルスアクション,伝説の起点。ジャングルでのサバイバル、CQC（近接格闘）、そしてザ・ボスとの対峙。映画を超えた演出と、涙なしには語れない結末。,
PS2,キングダム ハーツ,2002,スクウェア,アクションRPG,鍵が導く心の物語。ディズニーとスクウェアの奇跡の融合。宇多田ヒカルの曲に乗せて、ドナルドやグーフィーと旅する夢のような体験。,
PS2,龍が如く2,2006,セガ,アクションADV,東西の龍、激突。神室町と蒼天掘、二つの歓楽街で繰り広げられる極道たちの熱きドラマ。大人のためのエンターテインメントの完成形。,
PS2,ペルソナ4,2008,アトラス,RPG,霧の中の真実。田舎町で起きる連続殺人事件と、高校生の日常。スタイリッシュなUIと「コミュ」システムが、仲間との絆を強く感じさせる。,
PS2,ワンダと巨像,2005,ソニー,アクション,最後の一撃は、切ない。広大な大地に点在する16体の巨像。しがみつき、よじ登り、急所を刺す。言葉少なに語られる、愛と犠牲の物語。,
PS2,グランツーリスモ4,2004,ソニー,レース,車の百科事典、極まる。収録車種700台以上。フォトモードの搭載や、ニュルブルクリンクの完全再現など、PS2の限界を超えた挙動とグラフィック。,
PS2,デビル メイ クライ,2001,カプコン,スタイリッシュアクション,悪魔が泣く。敵を空中に打ち上げ、銃と剣で華麗にコンボを決める。「スタイリッシュアクション」というジャンルを生み出した革命児。,
PS2,ICO（イコ）,2001,ソニー,アクションADV,この人の手を離さない。言葉の通じない少女と手をつなぎ、霧の城から脱出する。戦闘よりも「守る」ことに焦点を当てた、芸術的な一作。,
PS2,大神（オオカミ）,2006,カプコン,ネイチャーアドベンチャー,世界は美しい。日本画のようなグラフィックと、筆で奇跡を起こす「筆しらべ」。白狼アマテラスとなり、枯れた大地に花を咲かせる感動。,
PS2,ファイナルファンタジーXII,2006,スクウェア・エニックス,RPG,自由への戦い。MMORPGのようなシームレスバトルと、AIを組む「ガンビット」システム。イヴァリースの重厚な政治ドラマを描く意欲作。,
PS2,テイルズ オブ ジ アビス,2005,ナムコ,RPG,生まれた意味を知るRPG。傲慢な主人公ルークが、過ちを犯し、断髪して生まれ変わる成長譚。ロード時間は長いが、それを補う名シナリオ。,
PS2,エースコンバット5 ジ・アンサング・ウォー,2004,ナムコ,フライトシューティング,編隊と歌。僚機に指示を出し、共に空を翔ける。戦争の悲劇と平和への願いを描いた、映画顔負けのドラマチックなストーリー。,
PS2,真・女神転生III-NOCTURNE マニアクス,2004,アトラス,RPG,東京受胎。世界が滅び、悪魔の巣窟となったトウキョウで、人修羅として生きる。プレスターンバトルの戦略性と、ダンテ参戦の衝撃。,
PS2,鉄拳5,2005,ナムコ,対戦格闘,集大成。シリーズの人気キャラが集結し、ゲームバランスも極めて良好。アーケード版3作を収録する太っ腹な仕様で、格ゲーファンのマストアイテムに。,
PS2,キングダム ハーツII,2005,スクウェア・エニックス,アクションRPG,XIII機関との死闘。リアクションコマンドによるド派手なアクションと、二刀流の爽快感。物語の謎が深まり、よりドラマチックに展開する。,
PS2,メタルギアソリッド2 サンズ・オブ・リバティ,2001,コナミ,ステルスアクション,裏切りの期待。主人公交代の衝撃と、情報のミーム（文化的遺伝子）をテーマにした難解かつ予言的なシナリオ。PS2初期の映像革命。,
PS2,塊魂,2004,ナムコ,アクション,転がす衝撃。シンプルイズベスト。雪だるま式に物を巻き込む楽しさと、シュールな世界観。ここから伝説が始まった。,
PS2,モンスターハンター2（ドス）,2006,カプコン,ハンティングアクション,季節と狩り。古龍種の登場や昼夜・季節の概念。今のモンハンの基礎システムを完成させたが、難易度はシリーズ屈指の硬派仕様。,
PS2,サイレントヒル2,2001,コナミ,ホラー,霧の街で待つ。亡き妻からの手紙を追い求めるジェイムス。クリーチャーが主人公の罪を象徴するという、精神分析的な恐怖の傑作。,
PS2,SIREN（サイレン）,2003,ソニー,ホラー,どうあがいても、絶望。土着的な村の因習と屍人。敵の視界を盗み見る「視界ジャック」システムが、逃げる恐怖を倍増させる。,
PS2,ANUBIS ZONE OF THE ENDERS,2003,コナミ,ハイスピードロボットアクション,未確認浮遊快感。オービタルフレーム「ジェフティ」を操り、大量の敵をなぎ倒す。アニメとゲームが融合したような超高速バトル。,
PS2,鬼武者2,2002,カプコン,戦国サバイバルアクション,松田優作、斬る。バッサリ感あふれる剣戟アクションと、仲間との物々交換システム。実在の俳優を起用した映画的ゲームの先駆け。,
PS2,ダーククロニクル,2002,ソニー/レベルファイブ,アクションRPG,発明とジオラマ。武器を合成し、ロボットに乗り、写真を撮って発明し、街を作る。やり込み要素が無限にある、レベルファイブの出世作。,
PS2,ドラゴンボールZ Sparking! METEOR,2007,バンダイナムコ,対戦アクション,神ゲー確定。総勢161体のキャラが登場。原作再現度が異常に高く、PS2時代のキャラゲーにおける到達点。,
PS2,ペルソナ3 FES,2007,アトラス,RPG,影時間と銃。ポップなデザインと暗いテーマの融合。後のペルソナブームの火付け役となった3の完全版。アイギスの後日談も収録。,
PS2,グランド・セフト・オート・サンアンドレアス,2007,カプコン(Rockstar),オープンワールド,究極の自由。広大な州を舞台に、ギャングの抗争、カジノ、飛行機、筋トレまで。日本のゲームデザインに黒船として衝撃を与えた怪物ソフト。,
PS2,戦国BASARA2 英雄外伝,2007,カプコン,スタイリッシュ英雄アクション,Let's Party! 史実無視のド派手な演出と、爽快な無双アクション。個性的な武将たちのキャラ人気が爆発し、歴女ブームを牽引した。,
PS2,ゴッド・オブ・ウォー,2005,カプコン(SCE),アクション,神殺しの復讐。CS機最高峰のグラフィックと、巨大ボスとの死闘。暴力的なまでの爽快感と、スケールの大きさに圧倒される。,
PS2,サクラ大戦V 〜さらば愛しき人よ〜,2005,セガ,ドラマチックADV,紐育（ニューヨーク）の星。空を飛ぶ変形メカでの3D戦闘と、ジャズテイストのBGM。シリーズ本編の最終作として、新たな舞台を描いた意欲作。,
PS2,アマガミ,2009,エンターブレイン,恋愛シミュレーション,変態紳士の聖典。会話のテンションを管理し、憧れの先輩や後輩と恋をする。ヒロインごとのフェティシズム溢れるイベントが秀逸。,
PS2,ロマンシング サガ -ミンストレルソング-,2005,スクウェア・エニックス,RPG,神々の詩。SFCの名作を大幅アレンジ。独特のキャラデザだが、連携や閃きシステムの完成度はサガシリーズ随一の面白さ。,
PS2,オーディンスフィア,2007,アトラス,アクションRPG,動く絵本。ヴァニラウェアによる緻密な2Dグラフィックと、5人の主人公が交錯する北欧神話ベースの戯曲。料理システムの飯テロも健在。,
PS2,ラチェット＆クランク,2002,ソニー,アクション,ガラメカをぶっ放せ。多彩な武器（ガラメカ）を使い分けて進む爽快アクション。海外アニメのようなノリと、探索の楽しさが融合。,
PS2,零 〜紅い蝶〜,2003,テクモ,和風ホラー,地図から消えた村。双子の姉妹を襲う恐怖。射影機で霊を撮影して撃退するシステムと、あまりに美しく悲しい物語。,
PS2,ヴァルキリープロファイル2 -シルメリア-,2006,スクウェア・エニックス,RPG,神を斬る。横スクロールダンジョンと、部位破壊を狙う戦略的な3Dバトル。PS2最高レベルのグラフィックで描かれる北欧神話。,
PS2,スターオーシャン Till the End of Time ディレクターズカット,2004,スクウェア・エニックス,RPG,賛否両論の衝撃。シリーズ最大のどんでん返しを含むシナリオ。戦闘のテンポやバグが修正されたDC版こそが真の評価対象。,
PS2,第2次スーパーロボット大戦α,2003,バンプレスト,シミュレーションRPG,小隊システム導入。4機でチームを組み、大量の敵と戦う。ガオガイガーやブレンパワードが参戦し、戦闘アニメの迫力がさらに増した。,
PS2,実況パワフルプロ野球10,2003,コナミ,スポーツ,決定版。サクセスモードの球団ごとの作り込みや、マイライフモードの初搭載。PS2時代のパワプロの中でも特に評価が高い一本。,
PS2,ワールドサッカーウイニングイレブン6 ファイナルエヴォリューション,2002,コナミ,スポーツ,黄金期の操作感。日韓ワールドカップの熱狂と共に、日本中でプレイされた。対戦ツールのバランスとして完成されていた名作。,
PS2,バーチャファイター4 エボリューション,2003,セガ,対戦格闘,格ゲーの教科書。初心者向けの丁寧なトレーニングモードや、ゲーセンの興奮を再現したクエストモード。家庭用格闘ゲームの理想形。,
PS2,みんなのGOLF 4,2003,ソニー,スポーツ,国民的ゴルフ。グラフィックが実写のように美しくなり、松本人志などの芸能人も登場。誰でも遊べる安心感と、やりこみの深さ。,
PS2,シャドウハーツII,2004,アルゼ,RPG,運命の輪。第一次大戦時の欧州を舞台にしたダークファンタジー。タイミングよくボタンを押す「ジャッジメントリング」と、悲恋の物語。,
PS2,アーマード・コア3 サイレントライン,2003,フロム・ソフトウェア,ロボットアクション,AIを育てろ。プレイヤーの動きを学習するAI機体を作成できる。パーツ数も豊富で、PS2アーマード・コアの集大成的な傑作。,
PS2,機動戦士ガンダム 連邦vs.ジオンDX,2001,バンダイ,対戦アクション,ゲーセンの熱狂。2on2のチームバトルを確立した記念碑的作品。シンプルな操作でニュータイプになれる、ガンダムゲーの最高峰。,
PS2,地球防衛軍2,2005,ディースリー・パブリッシャー,アクション,SIMPLEシリーズの奇跡。巨大な蟻やUFOを撃ち落とす、B級特撮アクション。処理落ちすら演出に見えるほどの、圧倒的物量と爆発。,
PS2,絶体絶命都市,2002,アイレム,サバイバルADV,都市崩壊。地震で崩れゆく街から脱出する。水分の確保や、看板の落下など、災害の恐怖をエンタメに昇華した意欲作。,
PS2,ぼくのなつやすみ2 海の冒険篇,2002,ソニー,なつやすみADV,最高の夏休み。舞台は南の島へ。海の美しさ、素潜り、虫相撲。少年の頃の夏休みを真空パックしたような、切なくも眩しい傑作。,
PS2,塊魂,2004,ナムコ,アクション,愛とロマンの塊。王子となって塊を転がし、星を作る。説明不要のルールと、お洒落でカオスな世界観が世界中で愛された。,
PS2,ドラゴンクエストV 天空の花嫁,2004,スクウェア・エニックス,RPG,最高のリメイク。SFCの名作をPS2の表現力で完全再現。4人パーティ制の導入や、名曲『結婚ワルツ』がオーケストラ音源で響く感動。,
PS2,デビル メイ クライ 3,2005,カプコン,スタイリッシュアクション,若きダンテの暴走。スタイルチェンジシステムの導入で、アクションの幅が無限に広がった。難易度は高いが、極めた時のカッコよさはシリーズ随一。,
PS2,ゴッド・オブ・ウォーII 終焉への序曲,2007,カプコン(SCE),アクション,神話の崩壊。前作を遥かに超えるスケールと、空を飛ぶイカロスから翼を奪うような容赦ない暴力性。PS2の性能を限界まで使い切った最高峰のグラフィック。,
PS2,エースコンバット・ゼロ ザ・ベルカン・ウォー,2006,ナムコ,フライトシューティング,円卓の鬼神。敵エース部隊との一騎打ちに特化した構成と、フラメンコ調の熱いBGM。実写パートで語られるドキュメンタリータッチの演出が渋い。,
PS2,テイルズ オブ デスティニー (PS2版),2006,バンダイナムコ,RPG,運命の再誕。オリジナル版とは別物レベルに進化した戦闘システム「AR-LMBS」が、RPGのバトルを格ゲー並みの爽快感に変えた。,
PS2,ゼノサーガ エピソードI [力への意志],2002,ナムコ,RPG,銀河を駆ける哲学。ニーチェの思想や宗教用語が飛び交うSF超大作。映画のような長時間ムービーと、KOS-MOSの圧倒的な存在感。,
PS2,ゴッドハンド,2006,カプコン,アクション,右腕の破壊神。クローバースタジオの遺作。敵を殴って蹴って星にする、痛快かつバカバカしいケンカアクション。難易度は激辛。,
PS2,幻想水滸伝V,2006,コナミ,RPG,女王国の紋章。不評だったIVから見事にV字回復した傑作。ロード時間は長いが、政治ドラマの重厚さと108星集めの楽しさはシリーズ屈指。,
PS2,SIREN2 (サイレン2),2006,ソニー,ホラー,光を奪われた島。前作の理不尽な難易度を調整し、遊びやすく進化。実在の廃墟をモデルにした舞台と、より深化した群像劇ホラー。,
PS2,サイレントヒル3,2003,コナミ,ホラー,少女の悪夢。遊園地や地下鉄など、日常が血と錆に浸食される恐怖。主人公ヘザーの表情変化がリアルで、生理的な不快感を極限まで煽る。,
PS2,ファイナルファンタジーX-2,2003,スクウェア,RPG,ユウナのその後。ポップな雰囲気と「ドレスフィア」による着せ替えバトル。賛否はあったが、ATBバトルの完成形とも言えるスピーディーな戦闘は高評価。,
PS2,塊魂 (初代),2004,ナムコ,アクション,転がす衝撃。シンプルイズベスト。雪だるま式に物を巻き込む楽しさと、シュールな世界観。ここから伝説が始まった。,
PS2,ビューティフル ジョー,2003,カプコン,VFXアクション,変身ヒーロー見参。スロー、ズームなどのVFX（視覚効果）を駆使して戦う横スクロールアクション。アメコミ調の絵がそのまま動く。,
PS2,機動戦士ガンダム戦記 Lost War Chronicles,2002,バンダイ,アクション,量産機の意地。エースではない一般兵として一年戦争を戦い抜く。地上戦に特化した重厚な挙動と、僚機への指示出しが「ごっこ遊び」を加速させる。,
PS2,フロントミッション5 Scars of the War,2005,スクウェア・エニックス,シミュレーションRPG,戦場の傷跡。シリーズの集大成として、過去作の歴史を網羅したストーリー。リンクシステムによる連携攻撃が戦略の要。,
PS2,グラディウスV,2004,コナミ,シューティング,伝説の再始動。トレジャー開発による、美しくも容赦ない弾幕と地形。オプションを操作する「オプションコントロール」が新たな戦略を生んだ。,
PS2,九龍妖魔學園紀,2004,アトラス,學園ジュブナイル伝奇,遺跡と青春。昼は高校生として仲間と交流し、夜は遺跡へ潜り謎を解く。「感情入力システム」で会話する、独特のハードボイルド学園ドラマ。,
PS2,ラジアータ ストーリーズ,2005,スクウェア・エニックス,RPG,177人の仲間。NPC全員に生活スケジュールがあり、世界が生きている。人間につくか、妖精につくか、選択が問われる童話のようなRPG。,
PS2,ワイルドアームズ アドヴァンスドサード,2002,ソニー,RPG,荒野と口笛、再び。西部劇ファンタジーの金字塔。馬に乗って砂漠を駆けるフィールドと、トゥーンシェーディングのアニメ的な映像美。,
PS2,みんなのテニス,2006,ソニー,スポーツ,テニスもみんゴル。簡単操作で誰でもラリーが続く気持ちよさ。パーティゲームとしての完成度が異常に高く、修学旅行や合宿の定番に。,
PS2,ドラゴンボールZ3,2005,バンダイ,対戦アクション,究極の原作再現。オーラを纏って瞬間移動する「ドラゴンラッシュ」の攻防。OP影山ヒロノブ、隠しキャラも豊富で、キャラゲーの奇跡と呼ばれた。,
PS2,シャドウハーツ,2001,アルゼ,RPG,運命の回転。ゴシックホラーとRPGの融合。フランクリン・ルーズベルトなどの実在人物が登場する怪しい世界観と、目押しの戦闘システム。,
PS2,アルゴスの戦士,2002,テクモ,アクション,鎖の破壊力。盾に付いた鎖「ディスクアーマー」で周囲の敵をなぎ倒す。古代ギリシャ風の世界観と、オブジェクト破壊の爽快感。,
PS2,怪盗スライ・クーパー,2003,ソニー,アクション,忍び寄るアライグマ。アメコミ風のトゥーンレンダリングと、ステルスアクションの融合。盗みの美学とコミカルなストーリー。,
PS2,ラチェット＆クランク3 突撃!ガラクチック★レンジャーズ,2004,ソニー,アクション,銀河を救え。武器のレベルアップシステムが楽しすぎて止まらない。アクション、シューティング、パズルが完璧なバランスで融合。,
PS2,ジャック×ダクスター 旧世界の遺産,2001,ソニー,アクション,シームレスな冒険。ロード画面なしで広大な世界がつながっている衝撃。ノーティドッグ（後のアンチャーテッド開発）の実力が遺憾なく発揮された一本。,
PS2,真・女神転生デビルサマナー 葛葉ライドウ 対 超力兵団,2006,アトラス,RPG,大正桜と悪魔。大正時代の帝都を守るデビルサマナー。悪魔を使役して戦うアクションバトルと、レトロモダンな雰囲気が最高にお洒落。,
PS2,ポンコツ浪漫大活劇バンピートロット,2005,アイレム,アクションADV,産業革命とロボット。二足歩行ロボ「トロットビークル」で、戦うもよし、楽器を演奏するもよし。自由気ままな旅ができる隠れた名作。,
PS2,R-TYPE FINAL,2003,アイレム,シューティング,101機の機体。歴代シリーズの機体＋αを開発・使用できる博物館的な作品。シューティングの黄昏を感じさせる、静謐で美しい演出。,
PS2,DEMENTO (デメント),2005,カプコン,ホラー,逃げる少女と犬。無力な少女フィオナと、パートナーの犬ヒューイ。執拗な追跡者から逃げ、精神の均衡を保つパニックホラー。,
PS2,ギルティギア イグゼクス シャープリロード,2003,サミー,対戦格闘,2D格闘の極北。ロックなBGMと、超高速の空中コンボ。アニメーションのように美しいグラフィックと、洗練されたゲームバランス。,
PS2,ソウルキャリバーIII,2005,ナムコ,対戦格闘,自分だけの戦士。キャラクリエイトモードが超充実し、それだけで遊べる。RTS風の「ロストクロニクルズ」など、家庭用ならではのオマケも凄い。,
PS2,鉄拳タッグトーナメント,2000,ナムコ,対戦格闘,PS2ローンチの衝撃。PS2の性能を見せつけた圧倒的グラフィック。交代コンボの爽快感と、ボウリングモードの謎の中毒性。,
PS2,風のクロノア2 〜世界が望んだ忘れもの〜,2001,ナムコ,アクション,夢見る旅人。2.5Dアクションの傑作。トゥーンシェーディングの優しい色使いと、シンプルながら奥深いパズル要素。,
PS2,アーマード・コア ラストレイヴン,2005,フロム・ソフトウェア,ロボットアクション,24時間の攻防。PS2アーマード・コアの最終形にして最高難易度。ルート分岐が豊富で、レイヴンとしての生き様が問われる。,
PS2,魔界戦記ディスガイア,2003,日本一ソフトウェア,シミュレーションRPG,レベル9999。億超えのダメージ。SRPGの常識を破壊したやり込みゲー。パロディ満載のストーリーと、終わらない育成の沼。,
PS2,ときめきメモリアル3 〜約束のあの場所で〜,2001,コナミ,恋愛シミュレーション,トゥーンの挑戦。ヒロインがトゥーンレンダリングで動きまくる。技術的に早すぎた面もあるが、EVS（音声合成）の進化など意欲的な一作。,
PS2,太鼓の達人 タタコンでドドンがドン,2002,ナムコ,リズムアクション,家に太鼓が来た。専用コントローラー「タタコン」で叩く楽しさ。誰もが知っているJ-POPで遊べる、国民的音ゲーの家庭用デビュー。,
PS2,ポップンミュージック (シリーズ),1999,コナミ,リズムアクション,9ボタンの魔術。多彩なジャンルの音楽と、可愛いキャラクター。専用コントローラーでのプレイは、ゲーセンそのものの興奮。,
PS2,ツーリスト・トロフィー,2006,ソニー,バイクレース,バイク版グランツーリスモ。実車の挙動をリアルに再現。ライダーのフォームまでカスタマイズできる、バイク好きのための究極のシミュレーター。,
PS2,SDガンダム Gジェネレーション NEO,2002,バンダイ,シミュレーション,3DになったGジェネ。戦闘アニメがフル3D化し、テンポが向上。「エンブレム」システムによるオリジナル部隊の育成が熱い。,
PS2,第3次スーパーロボット大戦α 終焉の銀河へ,2005,バンプレスト,シミュレーションRPG,銀河決戦。αシリーズ完結編。イデオンのイデ発動や、ガオガイガーのハンマーヘブンなど、戦闘アニメのスケールが天元突破した。,
PS2,ローグギャラクシー,2005,ソニー/レベルファイブ,RPG,宇宙海賊の冒険。シームレスに星々を移動する技術力と、王道のボーイ・ミーツ・ガール。武器合成や虫バトルなど、寄り道要素が豊富。,
PS2,アトリエ イリス エターナルマナ,2004,ガスト,RPG,錬金術とRPG。従来のアトリエシリーズからRPG色を強めた一作。可愛らしいドット絵と、マナを操るファンタジックな世界観。,
PS2,サルゲッチュ2,2002,ソニー,アクション,パンツ一丁のサル。ピポサルの種類が増え、変装やサッカーをするサルも登場。ガチャメカを使ったアクションのバラエティが豊かに。,
PS2,ヴィーナス＆ブレイブス 〜魔女と女神と滅びの予言〜,2003,ナムコ,シミュレーションRPG,100年の戦い。不老不死の団長となり、年老いて死んでいく団員たちを見送る。世代交代を繰り返して最強の騎士団を作る、切なくも熱いドラマ。,
PS2,チュウリップ,2002,ビクター,アドベンチャー,キスのRPG。昭和レトロな街で、住人たちの悩みを聞き、キスをして愛を育てる。moonのスタッフが贈る、奇妙で温かいラブストーリー。,
PS2,グレゴリーホラーショー ソウルコレクター,2003,カプコン,アドベンチャー,四角い恐怖。人気アニメのゲーム化だが、中身はガチのステルスホラー。ホテルの宿泊客のスケジュールを把握し、魂を盗む緊張感。,
PS2,バーンアウト3 テイクダウン,2004,EA,レース,破壊の美学。レース中にライバルを壁に叩きつけてクラッシュさせる（テイクダウン）。スピード感と破壊衝動を満たす、最も危険なレースゲーム。,
PS2,塊魂,2004,ナムコ,アクション,愛とロマンの塊。王子となって塊を転がし、星を作る。説明不要のルールと、お洒落でカオスな世界観が世界中で愛された。,